'',GRID_TYPE,GAME_ID,GAME_EVENT_ID,PLAYER_ID,PLAYER_NAME,TEAM_ID,TEAM_NAME,PERIOD,MINUTES_REMAINING,SECONDS_REMAINING,EVENT_TYPE,ACTION_TYPE,SHOT_TYPE,SHOT_ZONE_BASIC,SHOT_ZONE_AREA,SHOT_ZONE_RANGE,SHOT_DISTANCE,LOC_X,LOC_Y,SHOT_ATTEMPTED_FLAG,SHOT_MADE_FLAG,GAME_DATE,HTM,VTM
0,Shot Chart Detail,0022300012,25,1628374,Lauri Markkanen,1610612762,Utah Jazz,1,9,40,Made Shot,Jump Shot,3PT Field Goal,Above the Break 3,Center(C),24+ ft.,26,54,256,1,1,20231110,MEM,UTA
1,Shot Chart Detail,0022300012,265,1628374,Lauri Markkanen,1610612762,Utah Jazz,2,3,23,Made Shot,Driving Floating Bank Jump Shot,2PT Field Goal,In The Paint (Non-RA),Right Side(R),8-16 ft.,8,62,51,1,1,20231110,MEM,UTA
2,Shot Chart Detail,0022300012,290,1628374,Lauri Markkanen,1610612762,Utah Jazz,2,1,53,Made Shot,Alley Oop Dunk Shot,2PT Field Goal,Restricted Area,Center(C),Less Than 8 ft.,0,5,6,1,1,20231110,MEM,UTA
3,Shot Chart Detail,0022300012,298,1628374,Lauri Markkanen,1610612762,Utah Jazz,2,0,47,Made Shot,Jump Shot,3PT Field Goal,Above the Break 3,Right Side Center(RC),24+ ft.,25,190,174,1,1,20231110,MEM,UTA
4,Shot Chart Detail,0022300012,376,1628374,Lauri Markkanen,1610612762,Utah Jazz,3,6,26,Made Shot,Step Back Jump shot,3PT Field Goal,Above the Break 3,Center(C),24+ ft.,27,60,269,1,1,20231110,MEM,UTA
5,Shot Chart Detail,0022300012,503,1628374,Lauri Markkanen,1610612762,Utah Jazz,4,11,21,Made Shot,Cutting Layup Shot,2PT Field Goal,Restricted Area,Center(C),Less Than 8 ft.,1,11,11,1,1,20231110,MEM,UTA
6,Shot Chart Detail,0022300012,553,1628374,Lauri Markkanen,1610612762,Utah Jazz,4,8,24,Made Shot,Jump Shot,3PT Field Goal,Above the Break 3,Left Side Center(LC),24+ ft.,25,-197,165,1,1,20231110,MEM,UTA
7,Shot Chart Detail,0022300012,571,1628374,Lauri Markkanen,1610612762,Utah Jazz,4,6,59,Made Shot,Floating Jump shot,2PT Field Goal,In The Paint (Non-RA),Center(C),Less Than 8 ft.,4,5,46,1,1,20231110,MEM,UTA
8,Shot Chart Detail,0022300023,180,1628374,Lauri Markkanen,1610612762,Utah Jazz,2,10,54,Made Shot,Layup Shot,2PT Field Goal,Restricted Area,Center(C),Less Than 8 ft.,2,-23,12,1,1,20231114,UTA,POR
9,Shot Chart Detail,0022300023,276,1628374,Lauri Markkanen,1610612762,Utah Jazz,2,4,24,Made Shot,Layup Shot,2PT Field Goal,In The Paint (Non-RA),Center(C),Less Than 8 ft.,4,-22,43,1,1,20231114,UTA,POR
10,Shot Chart Detail,0022300023,293,1628374,Lauri Markkanen,1610612762,Utah Jazz,2,3,19,Made Shot,Turnaround Hook Shot,2PT Field Goal,In The Paint (Non-RA),Center(C),Less Than 8 ft.,7,29,68,1,1,20231114,UTA,POR
11,Shot Chart Detail,0022300023,341,1628374,Lauri Markkanen,1610612762,Utah Jazz,3,11,47,Made Shot,Jump Shot,3PT Field Goal,Right Corner 3,Right Side(R),24+ ft.,23,235,21,1,1,20231114,UTA,POR
12,Shot Chart Detail,0022300023,469,1628374,Lauri Markkanen,1610612762,Utah Jazz,3,0,1,Made Shot,Turnaround Bank shot,2PT Field Goal,In The Paint (Non-RA),Center(C),Less Than 8 ft.,6,49,38,1,1,20231114,UTA,POR
13,Shot Chart Detail,0022300023,529,1628374,Lauri Markkanen,1610612762,Utah Jazz,4,8,27,Made Shot,Running Dunk Shot,2PT Field Goal,In The Paint (Non-RA),Center(C),Less Than 8 ft.,6,49,45,1,1,20231114,UTA,POR
14,Shot Chart Detail,0022300023,540,1628374,Lauri Markkanen,1610612762,Utah Jazz,4,7,40,Made Shot,Putback Layup Shot,2PT Field Goal,Restricted Area,Center(C),Less Than 8 ft.,0,0,0,1,1,20231114,UTA,POR
15,Shot Chart Detail,0022300023,543,1628374,Lauri Markkanen,1610612762,Utah Jazz,4,7,22,Made Shot,Jump Shot,3PT Field Goal,Above the Break 3,Left Side Center(LC),24+ ft.,26,-137,227,1,1,20231114,UTA,POR
16,Shot Chart Detail,0022300035,172,1628374,Lauri Markkanen,1610612762,Utah Jazz,2,11,45,Made Shot,Jump Shot,2PT Field Goal,Mid-Range,Right Side Center(RC),16-24 ft.,18,58,172,1,1,20231117,UTA,PHX
17,Shot Chart Detail,0022300035,324,1628374,Lauri Markkanen,1610612762,Utah Jazz,2,0,50,Made Shot,Cutting Layup Shot,2PT Field Goal,Restricted Area,Center(C),Less Than 8 ft.,2,2,27,1,1,20231117,UTA,PHX
18,Shot Chart Detail,0022300035,377,1628374,Lauri Markkanen,1610612762,Utah Jazz,3,8,37,Made Shot,Jump Bank Shot,2PT Field Goal,Restricted Area,Center(C),Less Than 8 ft.,3,-31,19,1,1,20231117,UTA,PHX
19,Shot Chart Detail,0022300035,387,1628374,Lauri Markkanen,1610612762,Utah Jazz,3,7,56,Made Shot,Jump Shot,3PT Field Goal,Above the Break 3,Right Side Center(RC),24+ ft.,25,214,141,1,1,20231117,UTA,PHX
20,Shot Chart Detail,0022300035,628,1628374,Lauri Markkanen,1610612762,Utah Jazz,4,2,14,Made Shot,Dunk Shot,2PT Field Goal,Restricted Area,Center(C),Less Than 8 ft.,2,-23,-7,1,1,20231117,UTA,PHX
21,Shot Chart Detail,0022300042,19,1628374,Lauri Markkanen,1610612762,Utah Jazz,1,10,13,Made Shot,Layup Shot,2PT Field Goal,Restricted Area,Center(C),Less Than 8 ft.,2,17,16,1,1,20231121,LAL,UTA
22,Shot Chart Detail,0022300042,211,1628374,Lauri Markkanen,1610612762,Utah Jazz,2,8,30,Made Shot,Jump Shot,3PT Field Goal,Above the Break 3,Right Side Center(RC),24+ ft.,25,225,120,1,1,20231121,LAL,UTA
23,Shot Chart Detail,0022300042,314,1628374,Lauri Markkanen,1610612762,Utah Jazz,2,1,12,Made Shot,Putback Layup Shot,2PT Field Goal,Restricted Area,Center(C),Less Than 8 ft.,0,0,0,1,1,20231121,LAL,UTA
24,Shot Chart Detail,0022300042,361,1628374,Lauri Markkanen,1610612762,Utah Jazz,3,9,30,Made Shot,Jump Shot,3PT Field Goal,Above the Break 3,Right Side Center(RC),24+ ft.,25,88,235,1,1,20231121,LAL,UTA
25,Shot Chart Detail,0022300072,96,1628374,Lauri Markkanen,1610612762,Utah Jazz,1,5,2,Made Shot,Driving Layup Shot,2PT Field Goal,In The Paint (Non-RA),Center(C),Less Than 8 ft.,4,31,31,1,1,20231025,UTA,SAC
26,Shot Chart Detail,0022300072,259,1628374,Lauri Markkanen,1610612762,Utah Jazz,2,6,17,Made Shot,Running Layup Shot,2PT Field Goal,In The Paint (Non-RA),Center(C),Less Than 8 ft.,5,-27,44,1,1,20231025,UTA,SAC
27,Shot Chart Detail,0022300072,266,1628374,Lauri Markkanen,1610612762,Utah Jazz,2,5,28,Made Shot,Alley Oop Dunk Shot,2PT Field Goal,Restricted Area,Center(C),Less Than 8 ft.,3,25,28,1,1,20231025,UTA,SAC
28,Shot Chart Detail,0022300072,353,1628374,Lauri Markkanen,1610612762,Utah Jazz,3,11,22,Made Shot,Jump Shot,3PT Field Goal,Right Corner 3,Right Side(R),24+ ft.,23,233,30,1,1,20231025,UTA,SAC
29,Shot Chart Detail,0022300072,462,1628374,Lauri Markkanen,1610612762,Utah Jazz,3,4,14,Made Shot,Dunk Shot,2PT Field Goal,Restricted Area,Center(C),Less Than 8 ft.,3,7,37,1,1,20231025,UTA,SAC
30,Shot Chart Detail,0022300072,600,1628374,Lauri Markkanen,1610612762,Utah Jazz,4,8,24,Made Shot,Jump Shot,3PT Field Goal,Above the Break 3,Left Side Center(LC),24+ ft.,25,-109,225,1,1,20231025,UTA,SAC
31,Shot Chart Detail,0022300085,16,1628374,Lauri Markkanen,1610612762,Utah Jazz,1,10,49,Made Shot,Alley Oop Layup shot,2PT Field Goal,Restricted Area,Center(C),Less Than 8 ft.,3,-36,13,1,1,20231027,UTA,LAC
32,Shot Chart Detail,0022300085,49,1628374,Lauri Markkanen,1610612762,Utah Jazz,1,7,36,Made Shot,Floating Jump shot,2PT Field Goal,Restricted Area,Center(C),Less Than 8 ft.,3,-34,19,1,1,20231027,UTA,LAC
33,Shot Chart Detail,0022300085,56,1628374,Lauri Markkanen,1610612762,Utah Jazz,1,6,58,Made Shot,Jump Shot,3PT Field Goal,Above the Break 3,Left Side Center(LC),24+ ft.,24,-165,176,1,1,20231027,UTA,LAC
34,Shot Chart Detail,0022300085,141,1628374,Lauri Markkanen,1610612762,Utah Jazz,1,1,18,Made Shot,Turnaround Hook Shot,2PT Field Goal,In The Paint (Non-RA),Center(C),Less Than 8 ft.,7,23,69,1,1,20231027,UTA,LAC
35,Shot Chart Detail,0022300085,170,1628374,Lauri Markkanen,1610612762,Utah Jazz,2,11,6,Made Shot,Jump Shot,3PT Field Goal,Right Corner 3,Right Side(R),24+ ft.,23,237,9,1,1,20231027,UTA,LAC
36,Shot Chart Detail,0022300085,181,1628374,Lauri Markkanen,1610612762,Utah Jazz,2,9,53,Made Shot,Jump Shot,3PT Field Goal,Above the Break 3,Left Side Center(LC),24+ ft.,25,-93,242,1,1,20231027,UTA,LAC
37,Shot Chart Detail,0022300085,348,1628374,Lauri Markkanen,1610612762,Utah Jazz,3,9,53,Made Shot,Jump Shot,3PT Field Goal,Left Corner 3,Left Side(L),24+ ft.,23,-232,18,1,1,20231027,UTA,LAC
38,Shot Chart Detail,0022300085,457,1628374,Lauri Markkanen,1610612762,Utah Jazz,3,2,28,Made Shot,Fadeaway Jump Shot,2PT Field Goal,Mid-Range,Right Side(R),8-16 ft.,9,92,6,1,1,20231027,UTA,LAC
39,Shot Chart Detail,0022300085,465,1628374,Lauri Markkanen,1610612762,Utah Jazz,3,1,42,Made Shot,Driving Dunk Shot,2PT Field Goal,Restricted Area,Center(C),Less Than 8 ft.,3,0,33,1,1,20231027,UTA,LAC
40,Shot Chart Detail,0022300085,473,1628374,Lauri Markkanen,1610612762,Utah Jazz,3,1,16,Made Shot,Putback Layup Shot,2PT Field Goal,Restricted Area,Center(C),Less Than 8 ft.,0,0,0,1,1,20231027,UTA,LAC
41,Shot Chart Detail,0022300085,518,1628374,Lauri Markkanen,1610612762,Utah Jazz,4,10,38,Made Shot,Jump Shot,3PT Field Goal,Above the Break 3,Left Side Center(LC),24+ ft.,26,-121,241,1,1,20231027,UTA,LAC
42,Shot Chart Detail,0022300085,650,1628374,Lauri Markkanen,1610612762,Utah Jazz,4,0,46,Made Shot,Tip Layup Shot,2PT Field Goal,Restricted Area,Center(C),Less Than 8 ft.,0,0,0,1,1,20231027,UTA,LAC
43,Shot Chart Detail,0022300094,36,1628374,Lauri Markkanen,1610612762,Utah Jazz,1,8,47,Made Shot,Jump Shot,3PT Field Goal,Above the Break 3,Left Side Center(LC),24+ ft.,26,-221,141,1,1,20231028,PHX,UTA
44,Shot Chart Detail,0022300094,145,1628374,Lauri Markkanen,1610612762,Utah Jazz,1,0,46,Made Shot,Jump Shot,3PT Field Goal,Above the Break 3,Center(C),24+ ft.,27,-17,274,1,1,20231028,PHX,UTA
45,Shot Chart Detail,0022300094,149,1628374,Lauri Markkanen,1610612762,Utah Jazz,1,0,10,Made Shot,Step Back Jump shot,3PT Field Goal,Above the Break 3,Center(C),24+ ft.,30,66,294,1,1,20231028,PHX,UTA
46,Shot Chart Detail,0022300094,166,1628374,Lauri Markkanen,1610612762,Utah Jazz,2,11,33,Made Shot,Jump Shot,3PT Field Goal,Left Corner 3,Left Side(L),24+ ft.,24,-235,58,1,1,20231028,PHX,UTA
47,Shot Chart Detail,0022300094,390,1628374,Lauri Markkanen,1610612762,Utah Jazz,3,8,34,Made Shot,Jump Shot,3PT Field Goal,Above the Break 3,Center(C),24+ ft.,25,64,243,1,1,20231028,PHX,UTA
48,Shot Chart Detail,0022300094,396,1628374,Lauri Markkanen,1610612762,Utah Jazz,3,8,3,Made Shot,Driving Floating Jump Shot,2PT Field Goal,Restricted Area,Center(C),Less Than 8 ft.,1,13,4,1,1,20231028,PHX,UTA
49,Shot Chart Detail,0022300094,559,1628374,Lauri Markkanen,1610612762,Utah Jazz,4,10,5,Made Shot,Running Jump Shot,2PT Field Goal,Restricted Area,Center(C),Less Than 8 ft.,1,-9,6,1,1,20231028,PHX,UTA
50,Shot Chart Detail,0022300110,47,1628374,Lauri Markkanen,1610612762,Utah Jazz,1,7,21,Made Shot,Jump Shot,3PT Field Goal,Above the Break 3,Left Side Center(LC),24+ ft.,26,-135,226,1,1,20231030,DEN,UTA
51,Shot Chart Detail,0022300110,61,1628374,Lauri Markkanen,1610612762,Utah Jazz,1,6,25,Made Shot,Tip Layup Shot,2PT Field Goal,Restricted Area,Center(C),Less Than 8 ft.,0,0,0,1,1,20231030,DEN,UTA
52,Shot Chart Detail,0022300110,215,1628374,Lauri Markkanen,1610612762,Utah Jazz,2,7,35,Made Shot,Running Jump Shot,3PT Field Goal,Right Corner 3,Right Side(R),24+ ft.,24,229,86,1,1,20231030,DEN,UTA
53,Shot Chart Detail,0022300110,408,1628374,Lauri Markkanen,1610612762,Utah Jazz,3,7,19,Made Shot,Running Dunk Shot,2PT Field Goal,Restricted Area,Center(C),Less Than 8 ft.,1,6,13,1,1,20231030,DEN,UTA
54,Shot Chart Detail,0022300110,417,1628374,Lauri Markkanen,1610612762,Utah Jazz,3,6,56,Made Shot,Jump Shot,3PT Field Goal,Left Corner 3,Left Side(L),24+ ft.,23,-224,80,1,1,20231030,DEN,UTA
55,Shot Chart Detail,0022300110,433,1628374,Lauri Markkanen,1610612762,Utah Jazz,3,5,41,Made Shot,Jump Shot,3PT Field Goal,Left Corner 3,Left Side(L),24+ ft.,22,-229,9,1,1,20231030,DEN,UTA
56,Shot Chart Detail,0022300110,450,1628374,Lauri Markkanen,1610612762,Utah Jazz,3,3,48,Made Shot,Driving Finger Roll Layup Shot,2PT Field Goal,Restricted Area,Center(C),Less Than 8 ft.,2,-20,3,1,1,20231030,DEN,UTA
57,Shot Chart Detail,0022300110,514,1628374,Lauri Markkanen,1610612762,Utah Jazz,3,0,8,Made Shot,Cutting Dunk Shot,2PT Field Goal,Restricted Area,Center(C),Less Than 8 ft.,0,0,8,1,1,20231030,DEN,UTA
58,Shot Chart Detail,0022300110,530,1628374,Lauri Markkanen,1610612762,Utah Jazz,4,10,28,Made Shot,Jump Shot,3PT Field Goal,Above the Break 3,Center(C),24+ ft.,25,43,247,1,1,20231030,DEN,UTA
59,Shot Chart Detail,0022300110,628,1628374,Lauri Markkanen,1610612762,Utah Jazz,4,1,46,Made Shot,Putback Layup Shot,2PT Field Goal,Restricted Area,Center(C),Less Than 8 ft.,2,-16,13,1,1,20231030,DEN,UTA
60,Shot Chart Detail,0022300125,9,1628374,Lauri Markkanen,1610612762,Utah Jazz,1,11,43,Made Shot,Jump Shot,3PT Field Goal,Above the Break 3,Left Side Center(LC),24+ ft.,25,-192,162,1,1,20231101,UTA,MEM
61,Shot Chart Detail,0022300125,140,1628374,Lauri Markkanen,1610612762,Utah Jazz,1,1,29,Made Shot,Jump Shot,3PT Field Goal,Above the Break 3,Right Side Center(RC),24+ ft.,28,224,171,1,1,20231101,UTA,MEM
62,Shot Chart Detail,0022300125,149,1628374,Lauri Markkanen,1610612762,Utah Jazz,1,0,17,Made Shot,Jump Shot,3PT Field Goal,Above the Break 3,Left Side Center(LC),24+ ft.,26,-103,240,1,1,20231101,UTA,MEM
63,Shot Chart Detail,0022300125,208,1628374,Lauri Markkanen,1610612762,Utah Jazz,2,8,42,Made Shot,Hook Shot,2PT Field Goal,In The Paint (Non-RA),Center(C),Less Than 8 ft.,6,42,53,1,1,20231101,UTA,MEM
64,Shot Chart Detail,0022300125,234,1628374,Lauri Markkanen,1610612762,Utah Jazz,2,6,52,Made Shot,Jump Shot,3PT Field Goal,Above the Break 3,Right Side Center(RC),24+ ft.,29,190,231,1,1,20231101,UTA,MEM
65,Shot Chart Detail,0022300125,587,1628374,Lauri Markkanen,1610612762,Utah Jazz,4,8,49,Made Shot,Jump Bank Shot,2PT Field Goal,In The Paint (Non-RA),Center(C),Less Than 8 ft.,6,-1,69,1,1,20231101,UTA,MEM
66,Shot Chart Detail,0022300130,36,1628374,Lauri Markkanen,1610612762,Utah Jazz,1,9,39,Made Shot,Jump Shot,3PT Field Goal,Above the Break 3,Left Side Center(LC),24+ ft.,26,-186,185,1,1,20231102,UTA,ORL
67,Shot Chart Detail,0022300130,192,1628374,Lauri Markkanen,1610612762,Utah Jazz,1,0,44,Made Shot,Cutting Layup Shot,2PT Field Goal,Restricted Area,Center(C),Less Than 8 ft.,3,-2,33,1,1,20231102,UTA,ORL
68,Shot Chart Detail,0022300130,227,1628374,Lauri Markkanen,1610612762,Utah Jazz,2,10,38,Made Shot,Driving Floating Jump Shot,2PT Field Goal,In The Paint (Non-RA),Left Side(L),8-16 ft.,9,-61,73,1,1,20231102,UTA,ORL
69,Shot Chart Detail,0022300130,241,1628374,Lauri Markkanen,1610612762,Utah Jazz,2,9,46,Made Shot,Fadeaway Jump Shot,2PT Field Goal,In The Paint (Non-RA),Center(C),8-16 ft.,11,43,107,1,1,20231102,UTA,ORL
70,Shot Chart Detail,0022300130,440,1628374,Lauri Markkanen,1610612762,Utah Jazz,3,8,24,Made Shot,Cutting Dunk Shot,2PT Field Goal,Restricted Area,Center(C),Less Than 8 ft.,1,-16,9,1,1,20231102,UTA,ORL
71,Shot Chart Detail,0022300130,522,1628374,Lauri Markkanen,1610612762,Utah Jazz,3,2,43,Made Shot,Jump Shot,3PT Field Goal,Above the Break 3,Center(C),24+ ft.,25,-67,241,1,1,20231102,UTA,ORL
72,Shot Chart Detail,0022300130,542,1628374,Lauri Markkanen,1610612762,Utah Jazz,3,1,39,Made Shot,Driving Dunk Shot,2PT Field Goal,Restricted Area,Center(C),Less Than 8 ft.,1,7,15,1,1,20231102,UTA,ORL
73,Shot Chart Detail,0022300130,726,1628374,Lauri Markkanen,1610612762,Utah Jazz,4,1,15,Made Shot,Jump Shot,3PT Field Goal,Above the Break 3,Center(C),24+ ft.,24,-69,234,1,1,20231102,UTA,ORL
74,Shot Chart Detail,0022300130,735,1628374,Lauri Markkanen,1610612762,Utah Jazz,4,0,20,Made Shot,Jump Shot,3PT Field Goal,Above the Break 3,Center(C),24+ ft.,26,62,257,1,1,20231102,UTA,ORL
75,Shot Chart Detail,0022300138,32,1628374,Lauri Markkanen,1610612762,Utah Jazz,1,8,36,Made Shot,Fadeaway Jump Shot,2PT Field Goal,In The Paint (Non-RA),Right Side(R),8-16 ft.,8,58,61,1,1,20231104,MIN,UTA
76,Shot Chart Detail,0022300138,115,1628374,Lauri Markkanen,1610612762,Utah Jazz,1,3,29,Made Shot,Jump Shot,3PT Field Goal,Above the Break 3,Right Side Center(RC),24+ ft.,27,167,214,1,1,20231104,MIN,UTA
77,Shot Chart Detail,0022300138,123,1628374,Lauri Markkanen,1610612762,Utah Jazz,1,2,47,Made Shot,Jump Shot,3PT Field Goal,Above the Break 3,Center(C),24+ ft.,25,-2,256,1,1,20231104,MIN,UTA
78,Shot Chart Detail,0022300138,146,1628374,Lauri Markkanen,1610612762,Utah Jazz,1,1,21,Made Shot,Jump Shot,3PT Field Goal,Above the Break 3,Center(C),24+ ft.,24,-11,247,1,1,20231104,MIN,UTA
79,Shot Chart Detail,0022300138,347,1628374,Lauri Markkanen,1610612762,Utah Jazz,3,11,39,Made Shot,Jump Shot,3PT Field Goal,Above the Break 3,Center(C),24+ ft.,24,23,248,1,1,20231104,MIN,UTA
80,Shot Chart Detail,0022300138,365,1628374,Lauri Markkanen,1610612762,Utah Jazz,3,9,50,Made Shot,Step Back Jump shot,2PT Field Goal,In The Paint (Non-RA),Left Side(L),8-16 ft.,8,-58,59,1,1,20231104,MIN,UTA
81,Shot Chart Detail,0022300138,473,1628374,Lauri Markkanen,1610612762,Utah Jazz,3,2,15,Made Shot,Tip Layup Shot,2PT Field Goal,Restricted Area,Center(C),Less Than 8 ft.,0,0,0,1,1,20231104,MIN,UTA
82,Shot Chart Detail,0022300152,37,1628374,Lauri Markkanen,1610612762,Utah Jazz,1,8,20,Made Shot,Jump Shot,3PT Field Goal,Above the Break 3,Right Side Center(RC),24+ ft.,24,113,221,1,1,20231106,CHI,UTA
83,Shot Chart Detail,0022300152,77,1628374,Lauri Markkanen,1610612762,Utah Jazz,1,4,59,Made Shot,Alley Oop Layup shot,2PT Field Goal,Restricted Area,Center(C),Less Than 8 ft.,0,0,1,1,1,20231106,CHI,UTA
84,Shot Chart Detail,0022300152,214,1628374,Lauri Markkanen,1610612762,Utah Jazz,2,8,0,Made Shot,Turnaround Fadeaway shot,2PT Field Goal,Mid-Range,Right Side(R),8-16 ft.,12,118,34,1,1,20231106,CHI,UTA
85,Shot Chart Detail,0022300152,239,1628374,Lauri Markkanen,1610612762,Utah Jazz,2,6,9,Made Shot,Jump Shot,3PT Field Goal,Above the Break 3,Center(C),24+ ft.,24,49,240,1,1,20231106,CHI,UTA
86,Shot Chart Detail,0022300152,350,1628374,Lauri Markkanen,1610612762,Utah Jazz,3,9,28,Made Shot,Jump Shot,3PT Field Goal,Above the Break 3,Left Side Center(LC),24+ ft.,25,-208,144,1,1,20231106,CHI,UTA
87,Shot Chart Detail,0022300152,368,1628374,Lauri Markkanen,1610612762,Utah Jazz,3,8,14,Made Shot,Jump Shot,3PT Field Goal,Above the Break 3,Left Side Center(LC),24+ ft.,26,-92,246,1,1,20231106,CHI,UTA
88,Shot Chart Detail,0022300152,510,1628374,Lauri Markkanen,1610612762,Utah Jazz,4,10,24,Made Shot,Dunk Shot,2PT Field Goal,Restricted Area,Center(C),Less Than 8 ft.,0,7,-3,1,1,20231106,CHI,UTA
89,Shot Chart Detail,0022300152,536,1628374,Lauri Markkanen,1610612762,Utah Jazz,4,8,15,Made Shot,Jump Shot,3PT Field Goal,Above the Break 3,Right Side Center(RC),24+ ft.,25,127,223,1,1,20231106,CHI,UTA
90,Shot Chart Detail,0022300158,32,1628374,Lauri Markkanen,1610612762,Utah Jazz,1,10,6,Made Shot,Dunk Shot,2PT Field Goal,Restricted Area,Center(C),Less Than 8 ft.,2,11,20,1,1,20231108,IND,UTA
91,Shot Chart Detail,0022300158,42,1628374,Lauri Markkanen,1610612762,Utah Jazz,1,9,8,Made Shot,Jump Shot,3PT Field Goal,Left Corner 3,Left Side(L),24+ ft.,23,-228,50,1,1,20231108,IND,UTA
92,Shot Chart Detail,0022300158,122,1628374,Lauri Markkanen,1610612762,Utah Jazz,1,2,39,Made Shot,Tip Layup Shot,2PT Field Goal,Restricted Area,Center(C),Less Than 8 ft.,0,0,0,1,1,20231108,IND,UTA
93,Shot Chart Detail,0022300158,290,1628374,Lauri Markkanen,1610612762,Utah Jazz,2,2,29,Made Shot,Dunk Shot,2PT Field Goal,Restricted Area,Center(C),Less Than 8 ft.,1,2,11,1,1,20231108,IND,UTA
94,Shot Chart Detail,0022300158,335,1628374,Lauri Markkanen,1610612762,Utah Jazz,2,0,4,Made Shot,Tip Layup Shot,2PT Field Goal,Restricted Area,Center(C),Less Than 8 ft.,0,0,0,1,1,20231108,IND,UTA
95,Shot Chart Detail,0022300158,367,1628374,Lauri Markkanen,1610612762,Utah Jazz,3,9,59,Made Shot,Jump Shot,3PT Field Goal,Above the Break 3,Left Side Center(LC),24+ ft.,25,-190,169,1,1,20231108,IND,UTA
96,Shot Chart Detail,0022300158,637,1628374,Lauri Markkanen,1610612762,Utah Jazz,4,3,54,Made Shot,Jump Shot,3PT Field Goal,Left Corner 3,Left Side(L),24+ ft.,22,-227,4,1,1,20231108,IND,UTA
97,Shot Chart Detail,0022300158,664,1628374,Lauri Markkanen,1610612762,Utah Jazz,4,1,32,Made Shot,Driving Dunk Shot,2PT Field Goal,Restricted Area,Center(C),Less Than 8 ft.,2,-28,4,1,1,20231108,IND,UTA
98,Shot Chart Detail,0022300214,9,1628374,Lauri Markkanen,1610612762,Utah Jazz,1,11,39,Made Shot,Fadeaway Jump Shot,2PT Field Goal,Mid-Range,Left Side(L),8-16 ft.,10,-102,7,1,1,20231119,UTA,PHX
99,Shot Chart Detail,0022300214,29,1628374,Lauri Markkanen,1610612762,Utah Jazz,1,9,42,Made Shot,Driving Floating Jump Shot,2PT Field Goal,In The Paint (Non-RA),Center(C),Less Than 8 ft.,6,-20,57,1,1,20231119,UTA,PHX
100,Shot Chart Detail,0022300214,114,1628374,Lauri Markkanen,1610612762,Utah Jazz,1,3,26,Made Shot,Tip Dunk Shot,2PT Field Goal,Restricted Area,Center(C),Less Than 8 ft.,0,0,0,1,1,20231119,UTA,PHX
101,Shot Chart Detail,0022300214,175,1628374,Lauri Markkanen,1610612762,Utah Jazz,2,11,48,Made Shot,Cutting Dunk Shot,2PT Field Goal,Restricted Area,Center(C),Less Than 8 ft.,3,-2,39,1,1,20231119,UTA,PHX
102,Shot Chart Detail,0022300214,190,1628374,Lauri Markkanen,1610612762,Utah Jazz,2,10,14,Made Shot,Cutting Dunk Shot,2PT Field Goal,In The Paint (Non-RA),Center(C),Less Than 8 ft.,4,-27,42,1,1,20231119,UTA,PHX
103,Shot Chart Detail,0022300214,228,1628374,Lauri Markkanen,1610612762,Utah Jazz,2,8,12,Made Shot,Tip Layup Shot,2PT Field Goal,Restricted Area,Center(C),Less Than 8 ft.,0,0,0,1,1,20231119,UTA,PHX
104,Shot Chart Detail,0022300214,266,1628374,Lauri Markkanen,1610612762,Utah Jazz,2,5,0,Made Shot,Putback Layup Shot,2PT Field Goal,In The Paint (Non-RA),Left Side(L),8-16 ft.,8,-70,41,1,1,20231119,UTA,PHX
105,Shot Chart Detail,0022300214,332,1628374,Lauri Markkanen,1610612762,Utah Jazz,2,1,8,Made Shot,Reverse Layup Shot,2PT Field Goal,Restricted Area,Center(C),Less Than 8 ft.,3,28,20,1,1,20231119,UTA,PHX
106,Shot Chart Detail,0022300214,344,1628374,Lauri Markkanen,1610612762,Utah Jazz,2,0,39,Made Shot,Running Dunk Shot,2PT Field Goal,Restricted Area,Center(C),Less Than 8 ft.,3,18,29,1,1,20231119,UTA,PHX
107,Shot Chart Detail,0022300214,379,1628374,Lauri Markkanen,1610612762,Utah Jazz,3,9,53,Made Shot,Driving Hook Shot,2PT Field Goal,In The Paint (Non-RA),Center(C),Less Than 8 ft.,7,55,45,1,1,20231119,UTA,PHX
108,Shot Chart Detail,0022300214,562,1628374,Lauri Markkanen,1610612762,Utah Jazz,4,10,55,Made Shot,Jump Shot,3PT Field Goal,Above the Break 3,Center(C),24+ ft.,27,-45,274,1,1,20231119,UTA,PHX
109,Shot Chart Detail,0022300214,611,1628374,Lauri Markkanen,1610612762,Utah Jazz,4,7,7,Made Shot,Jump Shot,3PT Field Goal,Right Corner 3,Right Side(R),24+ ft.,23,232,-12,1,1,20231119,UTA,PHX
110,Shot Chart Detail,0022300214,691,1628374,Lauri Markkanen,1610612762,Utah Jazz,4,0,20,Made Shot,Putback Layup Shot,2PT Field Goal,Restricted Area,Center(C),Less Than 8 ft.,1,-17,0,1,1,20231119,UTA,PHX
111,Shot Chart Detail,0022300214,829,1628374,Lauri Markkanen,1610612762,Utah Jazz,6,1,41,Made Shot,Turnaround Jump Shot,2PT Field Goal,In The Paint (Non-RA),Center(C),8-16 ft.,11,-43,110,1,1,20231119,UTA,PHX
112,Shot Chart Detail,0022300214,841,1628374,Lauri Markkanen,1610612762,Utah Jazz,6,0,27,Made Shot,Driving Finger Roll Layup Shot,2PT Field Goal,Restricted Area,Center(C),Less Than 8 ft.,3,29,21,1,1,20231119,UTA,PHX
113,Shot Chart Detail,0022300237,24,1628374,Lauri Markkanen,1610612762,Utah Jazz,1,9,31,Made Shot,Turnaround Fadeaway shot,2PT Field Goal,In The Paint (Non-RA),Right Side(R),8-16 ft.,10,64,85,1,1,20231122,POR,UTA
114,Shot Chart Detail,0022300237,267,1628374,Lauri Markkanen,1610612762,Utah Jazz,2,3,21,Made Shot,Cutting Dunk Shot,2PT Field Goal,Restricted Area,Center(C),Less Than 8 ft.,1,-4,12,1,1,20231122,POR,UTA
115,Shot Chart Detail,0022300237,319,1628374,Lauri Markkanen,1610612762,Utah Jazz,3,11,41,Made Shot,Layup Shot,2PT Field Goal,Restricted Area,Center(C),Less Than 8 ft.,1,13,6,1,1,20231122,POR,UTA
116,Shot Chart Detail,0022300237,338,1628374,Lauri Markkanen,1610612762,Utah Jazz,3,9,57,Made Shot,Jump Shot,2PT Field Goal,Mid-Range,Right Side Center(RC),16-24 ft.,17,87,148,1,1,20231122,POR,UTA
117,Shot Chart Detail,0022300237,379,1628374,Lauri Markkanen,1610612762,Utah Jazz,3,6,30,Made Shot,Running Layup Shot,2PT Field Goal,Restricted Area,Center(C),Less Than 8 ft.,2,25,6,1,1,20231122,POR,UTA
118,Shot Chart Detail,0022300237,395,1628374,Lauri Markkanen,1610612762,Utah Jazz,3,4,32,Made Shot,Turnaround Fadeaway Bank Jump Shot,2PT Field Goal,Mid-Range,Right Side Center(RC),16-24 ft.,19,130,147,1,1,20231122,POR,UTA
119,Shot Chart Detail,0022300237,405,1628374,Lauri Markkanen,1610612762,Utah Jazz,3,3,34,Made Shot,Tip Layup Shot,2PT Field Goal,Restricted Area,Center(C),Less Than 8 ft.,0,0,0,1,1,20231122,POR,UTA
120,Shot Chart Detail,0022300237,616,1628374,Lauri Markkanen,1610612762,Utah Jazz,4,2,19,Made Shot,Cutting Dunk Shot,2PT Field Goal,Restricted Area,Center(C),Less Than 8 ft.,1,2,-10,1,1,20231122,POR,UTA
121,Shot Chart Detail,0022300237,620,1628374,Lauri Markkanen,1610612762,Utah Jazz,4,1,57,Made Shot,Running Jump Shot,3PT Field Goal,Right Corner 3,Right Side(R),24+ ft.,23,239,15,1,1,20231122,POR,UTA
122,Shot Chart Detail,0022300318,9,1628374,Lauri Markkanen,1610612762,Utah Jazz,1,11,25,Made Shot,Pullup Jump shot,2PT Field Goal,Mid-Range,Center(C),16-24 ft.,19,-48,190,1,1,20231213,UTA,NYK
123,Shot Chart Detail,0022300318,147,1628374,Lauri Markkanen,1610612762,Utah Jazz,1,1,4,Made Shot,Jump Shot,3PT Field Goal,Above the Break 3,Left Side Center(LC),24+ ft.,26,-126,232,1,1,20231213,UTA,NYK
124,Shot Chart Detail,0022300318,170,1628374,Lauri Markkanen,1610612762,Utah Jazz,2,11,49,Made Shot,Driving Dunk Shot,2PT Field Goal,In The Paint (Non-RA),Center(C),Less Than 8 ft.,4,-28,39,1,1,20231213,UTA,NYK
125,Shot Chart Detail,0022300318,184,1628374,Lauri Markkanen,1610612762,Utah Jazz,2,10,29,Made Shot,Jump Shot,3PT Field Goal,Above the Break 3,Center(C),24+ ft.,27,-20,272,1,1,20231213,UTA,NYK
126,Shot Chart Detail,0022300318,188,1628374,Lauri Markkanen,1610612762,Utah Jazz,2,9,59,Made Shot,Jump Shot,3PT Field Goal,Above the Break 3,Left Side Center(LC),24+ ft.,26,-148,225,1,1,20231213,UTA,NYK
127,Shot Chart Detail,0022300318,325,1628374,Lauri Markkanen,1610612762,Utah Jazz,2,0,42,Made Shot,Driving Dunk Shot,2PT Field Goal,Restricted Area,Center(C),Less Than 8 ft.,3,23,27,1,1,20231213,UTA,NYK
128,Shot Chart Detail,0022300318,348,1628374,Lauri Markkanen,1610612762,Utah Jazz,3,11,49,Made Shot,Jump Shot,3PT Field Goal,Above the Break 3,Center(C),24+ ft.,24,75,232,1,1,20231213,UTA,NYK
129,Shot Chart Detail,0022300342,25,1628374,Lauri Markkanen,1610612762,Utah Jazz,1,10,14,Made Shot,Alley Oop Layup shot,2PT Field Goal,Restricted Area,Center(C),Less Than 8 ft.,3,-22,27,1,1,20231216,SAC,UTA
130,Shot Chart Detail,0022300342,152,1628374,Lauri Markkanen,1610612762,Utah Jazz,1,0,24,Made Shot,Jump Shot,3PT Field Goal,Above the Break 3,Center(C),24+ ft.,25,-77,239,1,1,20231216,SAC,UTA
131,Shot Chart Detail,0022300342,289,1628374,Lauri Markkanen,1610612762,Utah Jazz,2,1,48,Made Shot,Jump Shot,3PT Field Goal,Right Corner 3,Right Side(R),24+ ft.,23,234,38,1,1,20231216,SAC,UTA
132,Shot Chart Detail,0022300342,304,1628374,Lauri Markkanen,1610612762,Utah Jazz,2,0,24,Made Shot,Cutting Dunk Shot,2PT Field Goal,Restricted Area,Center(C),Less Than 8 ft.,1,-4,15,1,1,20231216,SAC,UTA
133,Shot Chart Detail,0022300342,322,1628374,Lauri Markkanen,1610612762,Utah Jazz,3,10,28,Made Shot,Driving Layup Shot,2PT Field Goal,In The Paint (Non-RA),Center(C),Less Than 8 ft.,6,-50,38,1,1,20231216,SAC,UTA
134,Shot Chart Detail,0022300342,343,1628374,Lauri Markkanen,1610612762,Utah Jazz,3,9,17,Made Shot,Tip Layup Shot,2PT Field Goal,Restricted Area,Center(C),Less Than 8 ft.,0,0,0,1,1,20231216,SAC,UTA
135,Shot Chart Detail,0022300342,520,1628374,Lauri Markkanen,1610612762,Utah Jazz,4,8,11,Made Shot,Alley Oop Layup shot,2PT Field Goal,Restricted Area,Center(C),Less Than 8 ft.,2,5,22,1,1,20231216,SAC,UTA
136,Shot Chart Detail,0022300357,22,1628374,Lauri Markkanen,1610612762,Utah Jazz,1,10,45,Made Shot,Hook Shot,2PT Field Goal,In The Paint (Non-RA),Center(C),Less Than 8 ft.,5,-55,3,1,1,20231218,UTA,BKN
137,Shot Chart Detail,0022300357,143,1628374,Lauri Markkanen,1610612762,Utah Jazz,1,1,19,Made Shot,Layup Shot,2PT Field Goal,In The Paint (Non-RA),Center(C),Less Than 8 ft.,6,-65,14,1,1,20231218,UTA,BKN
138,Shot Chart Detail,0022300357,334,1628374,Lauri Markkanen,1610612762,Utah Jazz,2,0,31,Made Shot,Driving Reverse Layup Shot,2PT Field Goal,Restricted Area,Center(C),Less Than 8 ft.,2,-23,1,1,1,20231218,UTA,BKN
139,Shot Chart Detail,0022300357,399,1628374,Lauri Markkanen,1610612762,Utah Jazz,3,7,7,Made Shot,Cutting Layup Shot,2PT Field Goal,In The Paint (Non-RA),Center(C),Less Than 8 ft.,4,29,34,1,1,20231218,UTA,BKN
140,Shot Chart Detail,0022300357,491,1628374,Lauri Markkanen,1610612762,Utah Jazz,3,1,24,Made Shot,Jump Shot,3PT Field Goal,Above the Break 3,Left Side Center(LC),24+ ft.,26,-132,231,1,1,20231218,UTA,BKN
141,Shot Chart Detail,0022300357,555,1628374,Lauri Markkanen,1610612762,Utah Jazz,4,8,40,Made Shot,Tip Layup Shot,2PT Field Goal,Restricted Area,Center(C),Less Than 8 ft.,0,0,0,1,1,20231218,UTA,BKN
142,Shot Chart Detail,0022300364,13,1628374,Lauri Markkanen,1610612762,Utah Jazz,1,10,43,Made Shot,Step Back Jump shot,3PT Field Goal,Above the Break 3,Center(C),24+ ft.,25,-76,244,1,1,20231220,CLE,UTA
143,Shot Chart Detail,0022300364,146,1628374,Lauri Markkanen,1610612762,Utah Jazz,1,0,40,Made Shot,Jump Shot,3PT Field Goal,Above the Break 3,Left Side Center(LC),24+ ft.,27,-143,237,1,1,20231220,CLE,UTA
144,Shot Chart Detail,0022300364,194,1628374,Lauri Markkanen,1610612762,Utah Jazz,2,8,35,Made Shot,Jump Shot,3PT Field Goal,Above the Break 3,Right Side Center(RC),24+ ft.,26,119,235,1,1,20231220,CLE,UTA
145,Shot Chart Detail,0022300364,349,1628374,Lauri Markkanen,1610612762,Utah Jazz,3,10,56,Made Shot,Driving Floating Bank Jump Shot,2PT Field Goal,In The Paint (Non-RA),Center(C),Less Than 8 ft.,5,54,10,1,1,20231220,CLE,UTA
146,Shot Chart Detail,0022300364,391,1628374,Lauri Markkanen,1610612762,Utah Jazz,3,6,55,Made Shot,Driving Dunk Shot,2PT Field Goal,Restricted Area,Center(C),Less Than 8 ft.,0,0,1,1,1,20231220,CLE,UTA
147,Shot Chart Detail,0022300364,467,1628374,Lauri Markkanen,1610612762,Utah Jazz,3,1,26,Made Shot,Dunk Shot,2PT Field Goal,Restricted Area,Center(C),Less Than 8 ft.,0,-4,6,1,1,20231220,CLE,UTA
148,Shot Chart Detail,0022300364,637,1628374,Lauri Markkanen,1610612762,Utah Jazz,4,2,0,Made Shot,Driving Floating Jump Shot,2PT Field Goal,Mid-Range,Right Side(R),8-16 ft.,9,91,-1,1,1,20231220,CLE,UTA
149,Shot Chart Detail,0022300364,668,1628374,Lauri Markkanen,1610612762,Utah Jazz,4,0,41,Made Shot,Pullup Jump shot,2PT Field Goal,Mid-Range,Right Side(R),8-16 ft.,10,97,42,1,1,20231220,CLE,UTA
150,Shot Chart Detail,0022300395,9,1628374,Lauri Markkanen,1610612762,Utah Jazz,1,11,18,Made Shot,Cutting Dunk Shot,2PT Field Goal,Restricted Area,Center(C),Less Than 8 ft.,0,1,8,1,1,20231223,TOR,UTA
151,Shot Chart Detail,0022300395,19,1628374,Lauri Markkanen,1610612762,Utah Jazz,1,10,20,Made Shot,Jump Shot,3PT Field Goal,Right Corner 3,Right Side(R),24+ ft.,23,235,-17,1,1,20231223,TOR,UTA
152,Shot Chart Detail,0022300395,36,1628374,Lauri Markkanen,1610612762,Utah Jazz,1,8,37,Made Shot,Turnaround Hook Shot,2PT Field Goal,In The Paint (Non-RA),Center(C),Less Than 8 ft.,6,-2,69,1,1,20231223,TOR,UTA
153,Shot Chart Detail,0022300395,50,1628374,Lauri Markkanen,1610612762,Utah Jazz,1,7,1,Made Shot,Jump Shot,3PT Field Goal,Above the Break 3,Left Side Center(LC),24+ ft.,28,-89,269,1,1,20231223,TOR,UTA
154,Shot Chart Detail,0022300395,178,1628374,Lauri Markkanen,1610612762,Utah Jazz,2,10,6,Made Shot,Tip Layup Shot,2PT Field Goal,Restricted Area,Center(C),Less Than 8 ft.,0,0,0,1,1,20231223,TOR,UTA
155,Shot Chart Detail,0022300395,183,1628374,Lauri Markkanen,1610612762,Utah Jazz,2,8,57,Made Shot,Driving Dunk Shot,2PT Field Goal,Restricted Area,Center(C),Less Than 8 ft.,0,-4,-1,1,1,20231223,TOR,UTA
156,Shot Chart Detail,0022300395,347,1628374,Lauri Markkanen,1610612762,Utah Jazz,3,11,42,Made Shot,Dunk Shot,2PT Field Goal,Restricted Area,Center(C),Less Than 8 ft.,0,1,-6,1,1,20231223,TOR,UTA
157,Shot Chart Detail,0022300395,391,1628374,Lauri Markkanen,1610612762,Utah Jazz,3,8,2,Made Shot,Jump Shot,3PT Field Goal,Above the Break 3,Right Side Center(RC),24+ ft.,24,186,156,1,1,20231223,TOR,UTA
158,Shot Chart Detail,0022300395,512,1628374,Lauri Markkanen,1610612762,Utah Jazz,4,11,29,Made Shot,Alley Oop Dunk Shot,2PT Field Goal,Restricted Area,Center(C),Less Than 8 ft.,0,4,5,1,1,20231223,TOR,UTA
159,Shot Chart Detail,0022300395,576,1628374,Lauri Markkanen,1610612762,Utah Jazz,4,6,15,Made Shot,Driving Finger Roll Layup Shot,2PT Field Goal,Restricted Area,Center(C),Less Than 8 ft.,1,11,-5,1,1,20231223,TOR,UTA
160,Shot Chart Detail,0022300395,587,1628374,Lauri Markkanen,1610612762,Utah Jazz,4,5,31,Made Shot,Turnaround Fadeaway shot,2PT Field Goal,In The Paint (Non-RA),Center(C),8-16 ft.,11,-5,117,1,1,20231223,TOR,UTA
161,Shot Chart Detail,0022300395,596,1628374,Lauri Markkanen,1610612762,Utah Jazz,4,4,35,Made Shot,Jump Shot,3PT Field Goal,Left Corner 3,Left Side(L),24+ ft.,23,-232,24,1,1,20231223,TOR,UTA
162,Shot Chart Detail,0022300412,18,1628374,Lauri Markkanen,1610612762,Utah Jazz,1,10,24,Made Shot,Tip Layup Shot,2PT Field Goal,Restricted Area,Center(C),Less Than 8 ft.,0,0,0,1,1,20231226,SAS,UTA
163,Shot Chart Detail,0022300412,44,1628374,Lauri Markkanen,1610612762,Utah Jazz,1,8,5,Made Shot,Cutting Layup Shot,2PT Field Goal,Restricted Area,Center(C),Less Than 8 ft.,0,6,-3,1,1,20231226,SAS,UTA
164,Shot Chart Detail,0022300412,241,1628374,Lauri Markkanen,1610612762,Utah Jazz,2,7,25,Made Shot,Cutting Dunk Shot,2PT Field Goal,Restricted Area,Center(C),Less Than 8 ft.,0,-4,4,1,1,20231226,SAS,UTA
165,Shot Chart Detail,0022300412,306,1628374,Lauri Markkanen,1610612762,Utah Jazz,2,2,39,Made Shot,Jump Shot,3PT Field Goal,Above the Break 3,Left Side Center(LC),24+ ft.,25,-108,230,1,1,20231226,SAS,UTA
166,Shot Chart Detail,0022300412,322,1628374,Lauri Markkanen,1610612762,Utah Jazz,2,1,19,Made Shot,Running Dunk Shot,2PT Field Goal,Restricted Area,Center(C),Less Than 8 ft.,0,-2,6,1,1,20231226,SAS,UTA
167,Shot Chart Detail,0022300412,338,1628374,Lauri Markkanen,1610612762,Utah Jazz,2,0,2,Made Shot,Turnaround Bank shot,2PT Field Goal,Mid-Range,Left Side(L),8-16 ft.,9,-91,2,1,1,20231226,SAS,UTA
168,Shot Chart Detail,0022300412,389,1628374,Lauri Markkanen,1610612762,Utah Jazz,3,8,48,Made Shot,Cutting Finger Roll Layup Shot,2PT Field Goal,Restricted Area,Center(C),Less Than 8 ft.,1,11,6,1,1,20231226,SAS,UTA
169,Shot Chart Detail,0022300412,564,1628374,Lauri Markkanen,1610612762,Utah Jazz,4,9,57,Made Shot,Jump Shot,3PT Field Goal,Above the Break 3,Right Side Center(RC),24+ ft.,26,87,248,1,1,20231226,SAS,UTA
170,Shot Chart Detail,0022300412,572,1628374,Lauri Markkanen,1610612762,Utah Jazz,4,9,2,Made Shot,Pullup Jump shot,2PT Field Goal,Mid-Range,Left Side(L),8-16 ft.,9,-98,-4,1,1,20231226,SAS,UTA
171,Shot Chart Detail,0022300412,609,1628374,Lauri Markkanen,1610612762,Utah Jazz,4,6,22,Made Shot,Jump Shot,3PT Field Goal,Above the Break 3,Right Side Center(RC),24+ ft.,27,125,242,1,1,20231226,SAS,UTA
172,Shot Chart Detail,0022300412,634,1628374,Lauri Markkanen,1610612762,Utah Jazz,4,5,16,Made Shot,Jump Shot,3PT Field Goal,Above the Break 3,Left Side Center(LC),24+ ft.,25,-83,242,1,1,20231226,SAS,UTA
173,Shot Chart Detail,0022300412,654,1628374,Lauri Markkanen,1610612762,Utah Jazz,4,3,26,Made Shot,Jump Shot,3PT Field Goal,Above the Break 3,Right Side Center(RC),24+ ft.,28,188,211,1,1,20231226,SAS,UTA
174,Shot Chart Detail,0022300424,43,1628374,Lauri Markkanen,1610612762,Utah Jazz,1,8,48,Made Shot,Jump Shot,3PT Field Goal,Above the Break 3,Left Side Center(LC),24+ ft.,26,-190,179,1,1,20231228,NOP,UTA
175,Shot Chart Detail,0022300424,138,1628374,Lauri Markkanen,1610612762,Utah Jazz,1,1,57,Made Shot,Driving Dunk Shot,2PT Field Goal,Restricted Area,Center(C),Less Than 8 ft.,0,0,-1,1,1,20231228,NOP,UTA
176,Shot Chart Detail,0022300424,203,1628374,Lauri Markkanen,1610612762,Utah Jazz,2,8,51,Made Shot,Floating Jump shot,2PT Field Goal,In The Paint (Non-RA),Center(C),Less Than 8 ft.,7,5,79,1,1,20231228,NOP,UTA
177,Shot Chart Detail,0022300424,299,1628374,Lauri Markkanen,1610612762,Utah Jazz,2,1,22,Made Shot,Jump Shot,3PT Field Goal,Left Corner 3,Left Side(L),24+ ft.,23,-229,33,1,1,20231228,NOP,UTA
178,Shot Chart Detail,0022300424,508,1628374,Lauri Markkanen,1610612762,Utah Jazz,4,9,51,Made Shot,Jump Shot,3PT Field Goal,Left Corner 3,Left Side(L),24+ ft.,23,-230,-8,1,1,20231228,NOP,UTA
179,Shot Chart Detail,0022300424,512,1628374,Lauri Markkanen,1610612762,Utah Jazz,4,9,30,Made Shot,Running Finger Roll Layup Shot,2PT Field Goal,Restricted Area,Center(C),Less Than 8 ft.,1,2,14,1,1,20231228,NOP,UTA
180,Shot Chart Detail,0022300424,551,1628374,Lauri Markkanen,1610612762,Utah Jazz,4,5,53,Made Shot,Tip Layup Shot,2PT Field Goal,Restricted Area,Center(C),Less Than 8 ft.,0,0,0,1,1,20231228,NOP,UTA
181,Shot Chart Detail,0022300439,268,1628374,Lauri Markkanen,1610612762,Utah Jazz,2,5,30,Made Shot,Putback Layup Shot,2PT Field Goal,Restricted Area,Center(C),Less Than 8 ft.,3,-29,20,1,1,20231230,UTA,MIA
182,Shot Chart Detail,0022300439,324,1628374,Lauri Markkanen,1610612762,Utah Jazz,2,0,35,Made Shot,Driving Floating Bank Jump Shot,2PT Field Goal,In The Paint (Non-RA),Right Side(R),8-16 ft.,8,75,43,1,1,20231230,UTA,MIA
183,Shot Chart Detail,0022300439,393,1628374,Lauri Markkanen,1610612762,Utah Jazz,3,8,7,Made Shot,Driving Finger Roll Layup Shot,2PT Field Goal,In The Paint (Non-RA),Center(C),Less Than 8 ft.,4,0,40,1,1,20231230,UTA,MIA
184,Shot Chart Detail,0022300439,640,1628374,Lauri Markkanen,1610612762,Utah Jazz,4,1,53,Made Shot,Jump Shot,3PT Field Goal,Above the Break 3,Right Side Center(RC),24+ ft.,25,143,216,1,1,20231230,UTA,MIA
185,Shot Chart Detail,0022300457,72,1628374,Lauri Markkanen,1610612762,Utah Jazz,1,5,46,Made Shot,Turnaround Jump Shot,2PT Field Goal,In The Paint (Non-RA),Left Side(L),8-16 ft.,10,-64,80,1,1,20240101,UTA,DAL
186,Shot Chart Detail,0022300457,92,1628374,Lauri Markkanen,1610612762,Utah Jazz,1,4,31,Made Shot,Jump Shot,3PT Field Goal,Above the Break 3,Left Side Center(LC),24+ ft.,25,-219,127,1,1,20240101,UTA,DAL
187,Shot Chart Detail,0022300457,349,1628374,Lauri Markkanen,1610612762,Utah Jazz,3,11,49,Made Shot,Jump Shot,3PT Field Goal,Above the Break 3,Right Side Center(RC),24+ ft.,26,162,205,1,1,20240101,UTA,DAL
188,Shot Chart Detail,0022300457,357,1628374,Lauri Markkanen,1610612762,Utah Jazz,3,10,56,Made Shot,Jump Shot,3PT Field Goal,Above the Break 3,Right Side Center(RC),24+ ft.,26,208,159,1,1,20240101,UTA,DAL
189,Shot Chart Detail,0022300457,387,1628374,Lauri Markkanen,1610612762,Utah Jazz,3,8,16,Made Shot,Cutting Dunk Shot,2PT Field Goal,Restricted Area,Center(C),Less Than 8 ft.,2,10,20,1,1,20240101,UTA,DAL
190,Shot Chart Detail,0022300457,441,1628374,Lauri Markkanen,1610612762,Utah Jazz,3,4,51,Made Shot,Jump Shot,3PT Field Goal,Above the Break 3,Center(C),24+ ft.,24,-13,246,1,1,20240101,UTA,DAL
191,Shot Chart Detail,0022300474,67,1628374,Lauri Markkanen,1610612762,Utah Jazz,1,7,18,Made Shot,Layup Shot,2PT Field Goal,Restricted Area,Center(C),Less Than 8 ft.,2,-15,15,1,1,20240103,UTA,DET
192,Shot Chart Detail,0022300474,232,1628374,Lauri Markkanen,1610612762,Utah Jazz,2,7,39,Made Shot,Layup Shot,2PT Field Goal,Restricted Area,Center(C),Less Than 8 ft.,2,-22,15,1,1,20240103,UTA,DET
193,Shot Chart Detail,0022300474,236,1628374,Lauri Markkanen,1610612762,Utah Jazz,2,7,3,Made Shot,Jump Shot,3PT Field Goal,Left Corner 3,Left Side(L),24+ ft.,22,-227,35,1,1,20240103,UTA,DET
194,Shot Chart Detail,0022300474,251,1628374,Lauri Markkanen,1610612762,Utah Jazz,2,5,40,Made Shot,Cutting Layup Shot,2PT Field Goal,Restricted Area,Center(C),Less Than 8 ft.,3,10,30,1,1,20240103,UTA,DET
195,Shot Chart Detail,0022300474,321,1628374,Lauri Markkanen,1610612762,Utah Jazz,2,0,46,Made Shot,Jump Shot,3PT Field Goal,Above the Break 3,Left Side Center(LC),24+ ft.,24,-200,147,1,1,20240103,UTA,DET
196,Shot Chart Detail,0022300474,344,1628374,Lauri Markkanen,1610612762,Utah Jazz,3,11,48,Made Shot,Jump Shot,3PT Field Goal,Above the Break 3,Center(C),24+ ft.,26,-60,257,1,1,20240103,UTA,DET
197,Shot Chart Detail,0022300474,397,1628374,Lauri Markkanen,1610612762,Utah Jazz,3,7,42,Made Shot,Tip Layup Shot,2PT Field Goal,Restricted Area,Center(C),Less Than 8 ft.,0,0,0,1,1,20240103,UTA,DET
198,Shot Chart Detail,0022300474,458,1628374,Lauri Markkanen,1610612762,Utah Jazz,3,3,47,Made Shot,Jump Shot,2PT Field Goal,Mid-Range,Center(C),8-16 ft.,14,-11,142,1,1,20240103,UTA,DET
199,Shot Chart Detail,0022300474,603,1628374,Lauri Markkanen,1610612762,Utah Jazz,4,5,38,Made Shot,Driving Layup Shot,2PT Field Goal,In The Paint (Non-RA),Center(C),Less Than 8 ft.,6,-62,28,1,1,20240103,UTA,DET
200,Shot Chart Detail,0022300474,669,1628374,Lauri Markkanen,1610612762,Utah Jazz,4,0,5,Made Shot,Jump Shot,3PT Field Goal,Above the Break 3,Center(C),24+ ft.,26,-74,258,1,1,20240103,UTA,DET
201,Shot Chart Detail,0022300479,62,1628374,Lauri Markkanen,1610612762,Utah Jazz,1,7,59,Made Shot,Driving Dunk Shot,2PT Field Goal,Restricted Area,Center(C),Less Than 8 ft.,1,-10,7,1,1,20240105,BOS,UTA
202,Shot Chart Detail,0022300479,286,1628374,Lauri Markkanen,1610612762,Utah Jazz,2,4,39,Made Shot,Jump Shot,3PT Field Goal,Above the Break 3,Center(C),24+ ft.,26,-13,263,1,1,20240105,BOS,UTA
203,Shot Chart Detail,0022300479,293,1628374,Lauri Markkanen,1610612762,Utah Jazz,2,3,45,Made Shot,Jump Shot,3PT Field Goal,Left Corner 3,Left Side(L),24+ ft.,24,-238,58,1,1,20240105,BOS,UTA
204,Shot Chart Detail,0022300479,303,1628374,Lauri Markkanen,1610612762,Utah Jazz,2,2,40,Made Shot,Pullup Jump shot,2PT Field Goal,Mid-Range,Right Side Center(RC),16-24 ft.,19,115,159,1,1,20240105,BOS,UTA
205,Shot Chart Detail,0022300479,345,1628374,Lauri Markkanen,1610612762,Utah Jazz,3,11,32,Made Shot,Running Dunk Shot,2PT Field Goal,Restricted Area,Center(C),Less Than 8 ft.,2,-1,29,1,1,20240105,BOS,UTA
206,Shot Chart Detail,0022300479,401,1628374,Lauri Markkanen,1610612762,Utah Jazz,3,7,39,Made Shot,Turnaround Fadeaway shot,2PT Field Goal,Mid-Range,Left Side(L),8-16 ft.,12,-114,46,1,1,20240105,BOS,UTA
207,Shot Chart Detail,0022300479,412,1628374,Lauri Markkanen,1610612762,Utah Jazz,3,6,59,Made Shot,Turnaround Hook Shot,2PT Field Goal,In The Paint (Non-RA),Center(C),Less Than 8 ft.,6,6,69,1,1,20240105,BOS,UTA
208,Shot Chart Detail,0022300495,7,1628374,Lauri Markkanen,1610612762,Utah Jazz,1,11,39,Made Shot,Driving Finger Roll Layup Shot,2PT Field Goal,Restricted Area,Center(C),Less Than 8 ft.,2,-2,21,1,1,20240106,PHI,UTA
209,Shot Chart Detail,0022300495,30,1628374,Lauri Markkanen,1610612762,Utah Jazz,1,10,1,Made Shot,Running Dunk Shot,2PT Field Goal,Restricted Area,Center(C),Less Than 8 ft.,0,1,9,1,1,20240106,PHI,UTA
210,Shot Chart Detail,0022300495,87,1628374,Lauri Markkanen,1610612762,Utah Jazz,1,5,33,Made Shot,Jump Shot,3PT Field Goal,Above the Break 3,Right Side Center(RC),24+ ft.,25,129,225,1,1,20240106,PHI,UTA
211,Shot Chart Detail,0022300495,93,1628374,Lauri Markkanen,1610612762,Utah Jazz,1,4,55,Made Shot,Putback Layup Shot,2PT Field Goal,Restricted Area,Center(C),Less Than 8 ft.,3,-29,10,1,1,20240106,PHI,UTA
212,Shot Chart Detail,0022300495,262,1628374,Lauri Markkanen,1610612762,Utah Jazz,2,7,32,Made Shot,Cutting Dunk Shot,2PT Field Goal,Restricted Area,Center(C),Less Than 8 ft.,0,-9,-4,1,1,20240106,PHI,UTA
213,Shot Chart Detail,0022300495,365,1628374,Lauri Markkanen,1610612762,Utah Jazz,2,1,4,Made Shot,Running Dunk Shot,2PT Field Goal,Restricted Area,Center(C),Less Than 8 ft.,0,2,5,1,1,20240106,PHI,UTA
214,Shot Chart Detail,0022300495,416,1628374,Lauri Markkanen,1610612762,Utah Jazz,3,9,1,Made Shot,Jump Shot,3PT Field Goal,Above the Break 3,Center(C),24+ ft.,28,83,270,1,1,20240106,PHI,UTA
215,Shot Chart Detail,0022300495,459,1628374,Lauri Markkanen,1610612762,Utah Jazz,3,5,31,Made Shot,Jump Shot,3PT Field Goal,Above the Break 3,Center(C),24+ ft.,27,-72,265,1,1,20240106,PHI,UTA
216,Shot Chart Detail,0022300495,467,1628374,Lauri Markkanen,1610612762,Utah Jazz,3,4,59,Made Shot,Fadeaway Jump Shot,2PT Field Goal,Restricted Area,Center(C),Less Than 8 ft.,3,-4,34,1,1,20240106,PHI,UTA
217,Shot Chart Detail,0022300495,486,1628374,Lauri Markkanen,1610612762,Utah Jazz,3,3,38,Made Shot,Jump Shot,3PT Field Goal,Left Corner 3,Left Side(L),24+ ft.,23,-229,59,1,1,20240106,PHI,UTA
218,Shot Chart Detail,0022300495,596,1628374,Lauri Markkanen,1610612762,Utah Jazz,4,7,37,Made Shot,Jump Shot,3PT Field Goal,Left Corner 3,Left Side(L),24+ ft.,24,-237,52,1,1,20240106,PHI,UTA
219,Shot Chart Detail,0022300495,677,1628374,Lauri Markkanen,1610612762,Utah Jazz,4,1,1,Made Shot,Putback Layup Shot,2PT Field Goal,Restricted Area,Center(C),Less Than 8 ft.,0,0,0,1,1,20240106,PHI,UTA
220,Shot Chart Detail,0022300510,11,1628374,Lauri Markkanen,1610612762,Utah Jazz,1,11,22,Made Shot,Jump Shot,3PT Field Goal,Above the Break 3,Left Side Center(LC),24+ ft.,26,-152,213,1,1,20240108,MIL,UTA
221,Shot Chart Detail,0022300510,107,1628374,Lauri Markkanen,1610612762,Utah Jazz,1,4,37,Made Shot,Jump Shot,3PT Field Goal,Above the Break 3,Center(C),24+ ft.,29,86,278,1,1,20240108,MIL,UTA
222,Shot Chart Detail,0022300510,278,1628374,Lauri Markkanen,1610612762,Utah Jazz,2,3,24,Made Shot,Jump Shot,3PT Field Goal,Above the Break 3,Center(C),24+ ft.,27,-40,269,1,1,20240108,MIL,UTA
223,Shot Chart Detail,0022300510,570,1628374,Lauri Markkanen,1610612762,Utah Jazz,4,6,37,Made Shot,Driving Layup Shot,2PT Field Goal,In The Paint (Non-RA),Center(C),Less Than 8 ft.,7,66,43,1,1,20240108,MIL,UTA
224,Shot Chart Detail,0022300510,606,1628374,Lauri Markkanen,1610612762,Utah Jazz,4,3,8,Made Shot,Jump Shot,3PT Field Goal,Above the Break 3,Right Side Center(RC),24+ ft.,25,114,231,1,1,20240108,MIL,UTA
225,Shot Chart Detail,0022300524,13,1628374,Lauri Markkanen,1610612762,Utah Jazz,1,11,0,Made Shot,Jump Shot,3PT Field Goal,Right Corner 3,Right Side(R),24+ ft.,23,230,53,1,1,20240110,UTA,DEN
226,Shot Chart Detail,0022300524,261,1628374,Lauri Markkanen,1610612762,Utah Jazz,2,2,28,Made Shot,Running Dunk Shot,2PT Field Goal,Restricted Area,Center(C),Less Than 8 ft.,2,-2,21,1,1,20240110,UTA,DEN
227,Shot Chart Detail,0022300524,442,1628374,Lauri Markkanen,1610612762,Utah Jazz,3,4,16,Made Shot,Driving Layup Shot,2PT Field Goal,Restricted Area,Center(C),Less Than 8 ft.,3,-26,16,1,1,20240110,UTA,DEN
228,Shot Chart Detail,0022300524,466,1628374,Lauri Markkanen,1610612762,Utah Jazz,3,2,56,Made Shot,Running Alley Oop Dunk Shot,2PT Field Goal,Restricted Area,Center(C),Less Than 8 ft.,2,-20,8,1,1,20240110,UTA,DEN
229,Shot Chart Detail,0022300524,584,1628374,Lauri Markkanen,1610612762,Utah Jazz,4,6,50,Made Shot,Driving Floating Bank Jump Shot,2PT Field Goal,In The Paint (Non-RA),Right Side(R),8-16 ft.,8,67,45,1,1,20240110,UTA,DEN
230,Shot Chart Detail,0022300524,637,1628374,Lauri Markkanen,1610612762,Utah Jazz,4,3,59,Made Shot,Jump Shot,3PT Field Goal,Above the Break 3,Right Side Center(RC),24+ ft.,27,147,229,1,1,20240110,UTA,DEN
231,Shot Chart Detail,0022300540,14,1628374,Lauri Markkanen,1610612762,Utah Jazz,1,10,38,Made Shot,Step Back Jump shot,3PT Field Goal,Above the Break 3,Center(C),24+ ft.,25,47,251,1,1,20240112,UTA,TOR
232,Shot Chart Detail,0022300540,248,1628374,Lauri Markkanen,1610612762,Utah Jazz,2,7,1,Made Shot,Alley Oop Dunk Shot,2PT Field Goal,In The Paint (Non-RA),Center(C),Less Than 8 ft.,5,50,25,1,1,20240112,UTA,TOR
233,Shot Chart Detail,0022300540,252,1628374,Lauri Markkanen,1610612762,Utah Jazz,2,6,39,Made Shot,Jump Shot,3PT Field Goal,Above the Break 3,Right Side Center(RC),24+ ft.,25,206,143,1,1,20240112,UTA,TOR
234,Shot Chart Detail,0022300540,371,1628374,Lauri Markkanen,1610612762,Utah Jazz,3,10,13,Made Shot,Jump Shot,3PT Field Goal,Above the Break 3,Center(C),24+ ft.,26,-49,260,1,1,20240112,UTA,TOR
235,Shot Chart Detail,0022300540,438,1628374,Lauri Markkanen,1610612762,Utah Jazz,3,5,40,Made Shot,Cutting Layup Shot,2PT Field Goal,Restricted Area,Center(C),Less Than 8 ft.,2,-26,11,1,1,20240112,UTA,TOR
236,Shot Chart Detail,0022300540,452,1628374,Lauri Markkanen,1610612762,Utah Jazz,3,3,27,Made Shot,Alley Oop Dunk Shot,2PT Field Goal,Restricted Area,Center(C),Less Than 8 ft.,3,-21,28,1,1,20240112,UTA,TOR
237,Shot Chart Detail,0022300540,456,1628374,Lauri Markkanen,1610612762,Utah Jazz,3,2,55,Made Shot,Jump Shot,3PT Field Goal,Above the Break 3,Left Side Center(LC),24+ ft.,26,-200,172,1,1,20240112,UTA,TOR
238,Shot Chart Detail,0022300549,59,1628374,Lauri Markkanen,1610612762,Utah Jazz,1,7,14,Made Shot,Jump Shot,3PT Field Goal,Above the Break 3,Right Side Center(RC),24+ ft.,26,99,246,1,1,20240113,UTA,LAL
239,Shot Chart Detail,0022300549,92,1628374,Lauri Markkanen,1610612762,Utah Jazz,1,4,12,Made Shot,Jump Shot,3PT Field Goal,Above the Break 3,Left Side Center(LC),24+ ft.,26,-105,246,1,1,20240113,UTA,LAL
240,Shot Chart Detail,0022300549,150,1628374,Lauri Markkanen,1610612762,Utah Jazz,1,0,4,Made Shot,Alley Oop Dunk Shot,2PT Field Goal,Restricted Area,Center(C),Less Than 8 ft.,2,20,15,1,1,20240113,UTA,LAL
241,Shot Chart Detail,0022300549,235,1628374,Lauri Markkanen,1610612762,Utah Jazz,2,6,5,Made Shot,Driving Layup Shot,2PT Field Goal,In The Paint (Non-RA),Center(C),Less Than 8 ft.,6,-45,48,1,1,20240113,UTA,LAL
242,Shot Chart Detail,0022300549,381,1628374,Lauri Markkanen,1610612762,Utah Jazz,3,9,8,Made Shot,Jump Shot,3PT Field Goal,Above the Break 3,Left Side Center(LC),24+ ft.,24,-218,101,1,1,20240113,UTA,LAL
243,Shot Chart Detail,0022300549,456,1628374,Lauri Markkanen,1610612762,Utah Jazz,3,4,22,Made Shot,Driving Layup Shot,2PT Field Goal,Restricted Area,Center(C),Less Than 8 ft.,2,-17,16,1,1,20240113,UTA,LAL
244,Shot Chart Detail,0022300549,477,1628374,Lauri Markkanen,1610612762,Utah Jazz,3,2,52,Made Shot,Driving Layup Shot,2PT Field Goal,In The Paint (Non-RA),Center(C),Less Than 8 ft.,4,4,46,1,1,20240113,UTA,LAL
245,Shot Chart Detail,0022300549,692,1628374,Lauri Markkanen,1610612762,Utah Jazz,4,0,46,Made Shot,Putback Layup Shot,2PT Field Goal,In The Paint (Non-RA),Center(C),Less Than 8 ft.,5,28,46,1,1,20240113,UTA,LAL
246,Shot Chart Detail,0022300564,9,1628374,Lauri Markkanen,1610612762,Utah Jazz,1,11,28,Made Shot,Pullup Jump shot,2PT Field Goal,In The Paint (Non-RA),Left Side(L),8-16 ft.,14,-71,121,1,1,20240115,UTA,IND
247,Shot Chart Detail,0022300564,18,1628374,Lauri Markkanen,1610612762,Utah Jazz,1,10,12,Made Shot,Driving Layup Shot,2PT Field Goal,In The Paint (Non-RA),Center(C),Less Than 8 ft.,7,-53,47,1,1,20240115,UTA,IND
248,Shot Chart Detail,0022300564,22,1628374,Lauri Markkanen,1610612762,Utah Jazz,1,9,52,Made Shot,Jump Shot,3PT Field Goal,Above the Break 3,Left Side Center(LC),24+ ft.,26,-229,136,1,1,20240115,UTA,IND
249,Shot Chart Detail,0022300564,37,1628374,Lauri Markkanen,1610612762,Utah Jazz,1,8,4,Made Shot,Pullup Jump shot,2PT Field Goal,Mid-Range,Right Side(R),8-16 ft.,12,125,8,1,1,20240115,UTA,IND
250,Shot Chart Detail,0022300564,67,1628374,Lauri Markkanen,1610612762,Utah Jazz,1,5,54,Made Shot,Layup Shot,2PT Field Goal,In The Paint (Non-RA),Center(C),Less Than 8 ft.,4,39,18,1,1,20240115,UTA,IND
251,Shot Chart Detail,0022300564,316,1628374,Lauri Markkanen,1610612762,Utah Jazz,2,2,46,Made Shot,Driving Floating Bank Jump Shot,2PT Field Goal,In The Paint (Non-RA),Left Side(L),8-16 ft.,9,-80,44,1,1,20240115,UTA,IND
252,Shot Chart Detail,0022300564,396,1628374,Lauri Markkanen,1610612762,Utah Jazz,3,8,20,Made Shot,Jump Shot,3PT Field Goal,Above the Break 3,Right Side Center(RC),24+ ft.,26,201,180,1,1,20240115,UTA,IND
253,Shot Chart Detail,0022300564,412,1628374,Lauri Markkanen,1610612762,Utah Jazz,3,7,2,Made Shot,Alley Oop Dunk Shot,2PT Field Goal,Restricted Area,Center(C),Less Than 8 ft.,2,-21,-5,1,1,20240115,UTA,IND
254,Shot Chart Detail,0022300564,455,1628374,Lauri Markkanen,1610612762,Utah Jazz,3,4,7,Made Shot,Putback Layup Shot,2PT Field Goal,Restricted Area,Center(C),Less Than 8 ft.,3,28,19,1,1,20240115,UTA,IND
255,Shot Chart Detail,0022300564,460,1628374,Lauri Markkanen,1610612762,Utah Jazz,3,3,46,Made Shot,Driving Floating Jump Shot,2PT Field Goal,In The Paint (Non-RA),Right Side(R),8-16 ft.,10,70,82,1,1,20240115,UTA,IND
256,Shot Chart Detail,0022300576,11,1628374,Lauri Markkanen,1610612762,Utah Jazz,1,11,14,Made Shot,Jump Shot,3PT Field Goal,Above the Break 3,Left Side Center(LC),24+ ft.,24,-126,211,1,1,20240215,UTA,GSW
257,Shot Chart Detail,0022300576,558,1628374,Lauri Markkanen,1610612762,Utah Jazz,4,10,35,Made Shot,Tip Layup Shot,2PT Field Goal,Restricted Area,Center(C),Less Than 8 ft.,0,0,0,1,1,20240215,UTA,GSW
258,Shot Chart Detail,0022300576,567,1628374,Lauri Markkanen,1610612762,Utah Jazz,4,9,42,Made Shot,Jump Shot,3PT Field Goal,Left Corner 3,Left Side(L),24+ ft.,23,-234,10,1,1,20240215,UTA,GSW
259,Shot Chart Detail,0022300576,606,1628374,Lauri Markkanen,1610612762,Utah Jazz,4,7,13,Made Shot,Tip Dunk Shot,2PT Field Goal,Restricted Area,Center(C),Less Than 8 ft.,0,0,0,1,1,20240215,UTA,GSW
260,Shot Chart Detail,0022300576,650,1628374,Lauri Markkanen,1610612762,Utah Jazz,4,4,22,Made Shot,Jump Shot,3PT Field Goal,Above the Break 3,Center(C),24+ ft.,26,47,263,1,1,20240215,UTA,GSW
261,Shot Chart Detail,0022300576,669,1628374,Lauri Markkanen,1610612762,Utah Jazz,4,2,54,Made Shot,Running Jump Shot,3PT Field Goal,Above the Break 3,Right Side Center(RC),24+ ft.,26,135,226,1,1,20240215,UTA,GSW
262,Shot Chart Detail,0022300581,30,1628374,Lauri Markkanen,1610612762,Utah Jazz,1,9,37,Made Shot,Jump Shot,3PT Field Goal,Right Corner 3,Right Side(R),24+ ft.,22,228,11,1,1,20240118,UTA,OKC
263,Shot Chart Detail,0022300581,274,1628374,Lauri Markkanen,1610612762,Utah Jazz,2,4,59,Made Shot,Floating Jump shot,2PT Field Goal,In The Paint (Non-RA),Center(C),Less Than 8 ft.,6,-44,53,1,1,20240118,UTA,OKC
264,Shot Chart Detail,0022300581,297,1628374,Lauri Markkanen,1610612762,Utah Jazz,2,3,18,Made Shot,Jump Shot,3PT Field Goal,Above the Break 3,Left Side Center(LC),24+ ft.,26,-218,148,1,1,20240118,UTA,OKC
265,Shot Chart Detail,0022300581,379,1628374,Lauri Markkanen,1610612762,Utah Jazz,3,9,37,Made Shot,Alley Oop Dunk Shot,2PT Field Goal,In The Paint (Non-RA),Center(C),Less Than 8 ft.,5,37,34,1,1,20240118,UTA,OKC
266,Shot Chart Detail,0022300581,384,1628374,Lauri Markkanen,1610612762,Utah Jazz,3,9,4,Made Shot,Tip Layup Shot,2PT Field Goal,Restricted Area,Center(C),Less Than 8 ft.,0,0,0,1,1,20240118,UTA,OKC
267,Shot Chart Detail,0022300581,602,1628374,Lauri Markkanen,1610612762,Utah Jazz,4,6,13,Made Shot,Step Back Bank Jump Shot,2PT Field Goal,Mid-Range,Right Side(R),8-16 ft.,14,131,57,1,1,20240118,UTA,OKC
268,Shot Chart Detail,0022300581,663,1628374,Lauri Markkanen,1610612762,Utah Jazz,4,2,39,Made Shot,Cutting Dunk Shot,2PT Field Goal,Restricted Area,Center(C),Less Than 8 ft.,3,17,34,1,1,20240118,UTA,OKC
269,Shot Chart Detail,0022300598,59,1628374,Lauri Markkanen,1610612762,Utah Jazz,1,7,22,Made Shot,Jump Shot,3PT Field Goal,Above the Break 3,Center(C),24+ ft.,26,-18,260,1,1,20240120,HOU,UTA
270,Shot Chart Detail,0022300598,105,1628374,Lauri Markkanen,1610612762,Utah Jazz,1,4,14,Made Shot,Driving Floating Jump Shot,2PT Field Goal,In The Paint (Non-RA),Center(C),8-16 ft.,11,-26,109,1,1,20240120,HOU,UTA
271,Shot Chart Detail,0022300598,341,1628374,Lauri Markkanen,1610612762,Utah Jazz,3,11,19,Made Shot,Jump Shot,3PT Field Goal,Right Corner 3,Right Side(R),24+ ft.,23,239,21,1,1,20240120,HOU,UTA
272,Shot Chart Detail,0022300598,345,1628374,Lauri Markkanen,1610612762,Utah Jazz,3,10,50,Made Shot,Running Jump Shot,3PT Field Goal,Above the Break 3,Left Side Center(LC),24+ ft.,24,-211,132,1,1,20240120,HOU,UTA
273,Shot Chart Detail,0022300598,469,1628374,Lauri Markkanen,1610612762,Utah Jazz,3,2,57,Made Shot,Cutting Dunk Shot,2PT Field Goal,Restricted Area,Center(C),Less Than 8 ft.,2,2,20,1,1,20240120,HOU,UTA
274,Shot Chart Detail,0022300598,483,1628374,Lauri Markkanen,1610612762,Utah Jazz,3,2,11,Made Shot,Dunk Shot,2PT Field Goal,Restricted Area,Center(C),Less Than 8 ft.,2,-13,20,1,1,20240120,HOU,UTA
275,Shot Chart Detail,0022300598,722,1628374,Lauri Markkanen,1610612762,Utah Jazz,5,4,41,Made Shot,Turnaround Bank shot,2PT Field Goal,In The Paint (Non-RA),Center(C),Less Than 8 ft.,7,56,47,1,1,20240120,HOU,UTA
276,Shot Chart Detail,0022300598,760,1628374,Lauri Markkanen,1610612762,Utah Jazz,5,1,35,Made Shot,Cutting Dunk Shot,2PT Field Goal,In The Paint (Non-RA),Center(C),Less Than 8 ft.,4,28,31,1,1,20240120,HOU,UTA
277,Shot Chart Detail,0022300616,14,1628374,Lauri Markkanen,1610612762,Utah Jazz,1,11,13,Made Shot,Driving Layup Shot,2PT Field Goal,Restricted Area,Center(C),Less Than 8 ft.,1,-5,16,1,1,20240123,NOP,UTA
278,Shot Chart Detail,0022300616,17,1628374,Lauri Markkanen,1610612762,Utah Jazz,1,10,47,Made Shot,Running Layup Shot,2PT Field Goal,In The Paint (Non-RA),Center(C),Less Than 8 ft.,5,-50,20,1,1,20240123,NOP,UTA
279,Shot Chart Detail,0022300616,205,1628374,Lauri Markkanen,1610612762,Utah Jazz,2,8,24,Made Shot,Jump Shot,3PT Field Goal,Above the Break 3,Center(C),24+ ft.,27,-22,274,1,1,20240123,NOP,UTA
280,Shot Chart Detail,0022300616,273,1628374,Lauri Markkanen,1610612762,Utah Jazz,2,3,33,Made Shot,Alley Oop Dunk Shot,2PT Field Goal,Restricted Area,Center(C),Less Than 8 ft.,0,6,4,1,1,20240123,NOP,UTA
281,Shot Chart Detail,0022300628,18,1628374,Lauri Markkanen,1610612762,Utah Jazz,1,10,54,Made Shot,Cutting Dunk Shot,2PT Field Goal,Restricted Area,Center(C),Less Than 8 ft.,1,12,-10,1,1,20240125,WAS,UTA
282,Shot Chart Detail,0022300628,60,1628374,Lauri Markkanen,1610612762,Utah Jazz,1,6,53,Made Shot,Jump Shot,3PT Field Goal,Above the Break 3,Center(C),24+ ft.,27,-62,269,1,1,20240125,WAS,UTA
283,Shot Chart Detail,0022300628,108,1628374,Lauri Markkanen,1610612762,Utah Jazz,1,4,16,Made Shot,Running Dunk Shot,2PT Field Goal,In The Paint (Non-RA),Center(C),Less Than 8 ft.,4,-16,37,1,1,20240125,WAS,UTA
284,Shot Chart Detail,0022300628,121,1628374,Lauri Markkanen,1610612762,Utah Jazz,1,3,32,Made Shot,Jump Shot,3PT Field Goal,Left Corner 3,Left Side(L),24+ ft.,23,-234,17,1,1,20240125,WAS,UTA
285,Shot Chart Detail,0022300628,133,1628374,Lauri Markkanen,1610612762,Utah Jazz,1,2,13,Made Shot,Floating Jump shot,2PT Field Goal,In The Paint (Non-RA),Left Side(L),8-16 ft.,11,-71,85,1,1,20240125,WAS,UTA
286,Shot Chart Detail,0022300628,340,1628374,Lauri Markkanen,1610612762,Utah Jazz,3,10,32,Made Shot,Cutting Layup Shot,2PT Field Goal,In The Paint (Non-RA),Center(C),Less Than 8 ft.,4,32,24,1,1,20240125,WAS,UTA
287,Shot Chart Detail,0022300628,383,1628374,Lauri Markkanen,1610612762,Utah Jazz,3,6,31,Made Shot,Jump Shot,3PT Field Goal,Right Corner 3,Right Side(R),24+ ft.,23,227,42,1,1,20240125,WAS,UTA
288,Shot Chart Detail,0022300628,485,1628374,Lauri Markkanen,1610612762,Utah Jazz,3,0,8,Made Shot,Jump Shot,3PT Field Goal,Above the Break 3,Left Side Center(LC),24+ ft.,28,-97,263,1,1,20240125,WAS,UTA
289,Shot Chart Detail,0022300628,526,1628374,Lauri Markkanen,1610612762,Utah Jazz,4,8,29,Made Shot,Turnaround Jump Shot,2PT Field Goal,In The Paint (Non-RA),Center(C),Less Than 8 ft.,7,7,79,1,1,20240125,WAS,UTA
290,Shot Chart Detail,0022300628,608,1628374,Lauri Markkanen,1610612762,Utah Jazz,4,1,37,Made Shot,Jump Shot,3PT Field Goal,Above the Break 3,Left Side Center(LC),24+ ft.,27,-154,230,1,1,20240125,WAS,UTA
291,Shot Chart Detail,0022300628,614,1628374,Lauri Markkanen,1610612762,Utah Jazz,4,0,59,Made Shot,Jump Shot,3PT Field Goal,Above the Break 3,Right Side Center(RC),24+ ft.,29,163,242,1,1,20240125,WAS,UTA
292,Shot Chart Detail,0022300647,44,1628374,Lauri Markkanen,1610612762,Utah Jazz,1,7,30,Made Shot,Driving Layup Shot,2PT Field Goal,Restricted Area,Center(C),Less Than 8 ft.,1,7,18,1,1,20240127,CHA,UTA
293,Shot Chart Detail,0022300647,56,1628374,Lauri Markkanen,1610612762,Utah Jazz,1,6,21,Made Shot,Jump Shot,3PT Field Goal,Above the Break 3,Right Side Center(RC),24+ ft.,25,141,216,1,1,20240127,CHA,UTA
294,Shot Chart Detail,0022300647,78,1628374,Lauri Markkanen,1610612762,Utah Jazz,1,5,1,Made Shot,Jump Shot,3PT Field Goal,Above the Break 3,Center(C),24+ ft.,25,80,247,1,1,20240127,CHA,UTA
295,Shot Chart Detail,0022300647,90,1628374,Lauri Markkanen,1610612762,Utah Jazz,1,3,54,Made Shot,Running Jump Shot,3PT Field Goal,Above the Break 3,Left Side Center(LC),24+ ft.,26,-183,191,1,1,20240127,CHA,UTA
296,Shot Chart Detail,0022300647,114,1628374,Lauri Markkanen,1610612762,Utah Jazz,1,2,58,Made Shot,Jump Shot,3PT Field Goal,Above the Break 3,Right Side Center(RC),24+ ft.,26,153,212,1,1,20240127,CHA,UTA
297,Shot Chart Detail,0022300647,127,1628374,Lauri Markkanen,1610612762,Utah Jazz,1,1,59,Made Shot,Driving Layup Shot,2PT Field Goal,Restricted Area,Center(C),Less Than 8 ft.,2,6,21,1,1,20240127,CHA,UTA
298,Shot Chart Detail,0022300647,262,1628374,Lauri Markkanen,1610612762,Utah Jazz,2,5,14,Made Shot,Alley Oop Dunk Shot,2PT Field Goal,Restricted Area,Center(C),Less Than 8 ft.,0,2,7,1,1,20240127,CHA,UTA
299,Shot Chart Detail,0022300647,289,1628374,Lauri Markkanen,1610612762,Utah Jazz,2,2,52,Made Shot,Jump Shot,3PT Field Goal,Right Corner 3,Right Side(R),24+ ft.,24,238,57,1,1,20240127,CHA,UTA
300,Shot Chart Detail,0022300647,304,1628374,Lauri Markkanen,1610612762,Utah Jazz,2,1,6,Made Shot,Jump Shot,3PT Field Goal,Above the Break 3,Left Side Center(LC),24+ ft.,26,-142,225,1,1,20240127,CHA,UTA
301,Shot Chart Detail,0022300647,397,1628374,Lauri Markkanen,1610612762,Utah Jazz,3,6,16,Made Shot,Alley Oop Layup shot,2PT Field Goal,Restricted Area,Center(C),Less Than 8 ft.,1,2,11,1,1,20240127,CHA,UTA
302,Shot Chart Detail,0022300647,415,1628374,Lauri Markkanen,1610612762,Utah Jazz,3,5,7,Made Shot,Finger Roll Layup Shot,2PT Field Goal,Restricted Area,Center(C),Less Than 8 ft.,1,2,10,1,1,20240127,CHA,UTA
303,Shot Chart Detail,0022300647,534,1628374,Lauri Markkanen,1610612762,Utah Jazz,4,8,58,Made Shot,Jump Shot,3PT Field Goal,Above the Break 3,Center(C),24+ ft.,25,-6,255,1,1,20240127,CHA,UTA
304,Shot Chart Detail,0022300660,26,1628374,Lauri Markkanen,1610612762,Utah Jazz,1,10,18,Made Shot,Tip Layup Shot,2PT Field Goal,Restricted Area,Center(C),Less Than 8 ft.,0,0,0,1,1,20240129,BKN,UTA
305,Shot Chart Detail,0022300660,44,1628374,Lauri Markkanen,1610612762,Utah Jazz,1,8,45,Made Shot,Tip Layup Shot,2PT Field Goal,Restricted Area,Center(C),Less Than 8 ft.,0,0,0,1,1,20240129,BKN,UTA
306,Shot Chart Detail,0022300660,65,1628374,Lauri Markkanen,1610612762,Utah Jazz,1,6,51,Made Shot,Jump Shot,3PT Field Goal,Above the Break 3,Right Side Center(RC),24+ ft.,25,138,218,1,1,20240129,BKN,UTA
307,Shot Chart Detail,0022300660,306,1628374,Lauri Markkanen,1610612762,Utah Jazz,2,2,25,Made Shot,Cutting Dunk Shot,2PT Field Goal,Restricted Area,Center(C),Less Than 8 ft.,1,16,4,1,1,20240129,BKN,UTA
308,Shot Chart Detail,0022300671,13,1628374,Lauri Markkanen,1610612762,Utah Jazz,1,10,34,Made Shot,Pullup Jump shot,3PT Field Goal,Above the Break 3,Center(C),24+ ft.,25,21,258,1,1,20240130,NYK,UTA
309,Shot Chart Detail,0022300671,39,1628374,Lauri Markkanen,1610612762,Utah Jazz,1,8,32,Made Shot,Turnaround Jump Shot,2PT Field Goal,Mid-Range,Left Side(L),8-16 ft.,10,-102,-1,1,1,20240130,NYK,UTA
310,Shot Chart Detail,0022300671,187,1628374,Lauri Markkanen,1610612762,Utah Jazz,2,9,43,Made Shot,Jump Shot,3PT Field Goal,Above the Break 3,Left Side Center(LC),24+ ft.,25,-135,211,1,1,20240130,NYK,UTA
311,Shot Chart Detail,0022300671,313,1628374,Lauri Markkanen,1610612762,Utah Jazz,3,11,13,Made Shot,Driving Finger Roll Layup Shot,2PT Field Goal,Restricted Area,Center(C),Less Than 8 ft.,0,-4,9,1,1,20240130,NYK,UTA
312,Shot Chart Detail,0022300671,486,1628374,Lauri Markkanen,1610612762,Utah Jazz,4,10,54,Made Shot,Turnaround Jump Shot,2PT Field Goal,Restricted Area,Center(C),Less Than 8 ft.,2,-13,16,1,1,20240130,NYK,UTA
313,Shot Chart Detail,0022300686,49,1628374,Lauri Markkanen,1610612762,Utah Jazz,1,8,10,Made Shot,Fadeaway Jump Shot,2PT Field Goal,In The Paint (Non-RA),Center(C),8-16 ft.,8,-21,80,1,1,20240201,UTA,PHI
314,Shot Chart Detail,0022300686,68,1628374,Lauri Markkanen,1610612762,Utah Jazz,1,6,8,Made Shot,Layup Shot,2PT Field Goal,Restricted Area,Center(C),Less Than 8 ft.,2,-22,17,1,1,20240201,UTA,PHI
315,Shot Chart Detail,0022300686,255,1628374,Lauri Markkanen,1610612762,Utah Jazz,2,5,22,Made Shot,Alley Oop Layup shot,2PT Field Goal,Restricted Area,Center(C),Less Than 8 ft.,2,-27,6,1,1,20240201,UTA,PHI
316,Shot Chart Detail,0022300686,278,1628374,Lauri Markkanen,1610612762,Utah Jazz,2,3,31,Made Shot,Jump Shot,3PT Field Goal,Above the Break 3,Left Side Center(LC),24+ ft.,26,-180,196,1,1,20240201,UTA,PHI
317,Shot Chart Detail,0022300686,310,1628374,Lauri Markkanen,1610612762,Utah Jazz,2,0,51,Made Shot,Driving Dunk Shot,2PT Field Goal,Restricted Area,Center(C),Less Than 8 ft.,2,-24,13,1,1,20240201,UTA,PHI
318,Shot Chart Detail,0022300686,529,1628374,Lauri Markkanen,1610612762,Utah Jazz,4,8,46,Made Shot,Jump Shot,3PT Field Goal,Above the Break 3,Left Side Center(LC),24+ ft.,25,-88,235,1,1,20240201,UTA,PHI
319,Shot Chart Detail,0022300686,533,1628374,Lauri Markkanen,1610612762,Utah Jazz,4,8,12,Made Shot,Fadeaway Jump Shot,2PT Field Goal,In The Paint (Non-RA),Center(C),Less Than 8 ft.,6,-18,67,1,1,20240201,UTA,PHI
320,Shot Chart Detail,0022300686,556,1628374,Lauri Markkanen,1610612762,Utah Jazz,4,6,11,Made Shot,Jump Shot,3PT Field Goal,Left Corner 3,Left Side(L),24+ ft.,22,-228,-10,1,1,20240201,UTA,PHI
321,Shot Chart Detail,0022300686,568,1628374,Lauri Markkanen,1610612762,Utah Jazz,4,5,4,Made Shot,Jump Shot,2PT Field Goal,Mid-Range,Center(C),16-24 ft.,18,50,178,1,1,20240201,UTA,PHI
322,Shot Chart Detail,0022300686,589,1628374,Lauri Markkanen,1610612762,Utah Jazz,4,3,12,Made Shot,Jump Shot,3PT Field Goal,Above the Break 3,Right Side Center(RC),24+ ft.,25,192,171,1,1,20240201,UTA,PHI
323,Shot Chart Detail,0022300711,13,1628374,Lauri Markkanen,1610612762,Utah Jazz,1,10,22,Made Shot,Jump Shot,3PT Field Goal,Above the Break 3,Left Side Center(LC),24+ ft.,24,-200,146,1,1,20240204,UTA,MIL
324,Shot Chart Detail,0022300711,72,1628374,Lauri Markkanen,1610612762,Utah Jazz,1,5,32,Made Shot,Jump Shot,3PT Field Goal,Above the Break 3,Right Side Center(RC),24+ ft.,27,113,253,1,1,20240204,UTA,MIL
325,Shot Chart Detail,0022300711,87,1628374,Lauri Markkanen,1610612762,Utah Jazz,1,4,39,Made Shot,Alley Oop Dunk Shot,2PT Field Goal,Restricted Area,Center(C),Less Than 8 ft.,1,-16,9,1,1,20240204,UTA,MIL
326,Shot Chart Detail,0022300711,296,1628374,Lauri Markkanen,1610612762,Utah Jazz,2,1,46,Made Shot,Cutting Layup Shot,2PT Field Goal,In The Paint (Non-RA),Center(C),Less Than 8 ft.,4,44,15,1,1,20240204,UTA,MIL
327,Shot Chart Detail,0022300711,309,1628374,Lauri Markkanen,1610612762,Utah Jazz,2,0,53,Made Shot,Running Jump Shot,3PT Field Goal,Above the Break 3,Center(C),24+ ft.,26,-27,262,1,1,20240204,UTA,MIL
328,Shot Chart Detail,0022300711,497,1628374,Lauri Markkanen,1610612762,Utah Jazz,4,11,21,Made Shot,Alley Oop Layup shot,2PT Field Goal,In The Paint (Non-RA),Center(C),Less Than 8 ft.,4,-32,25,1,1,20240204,UTA,MIL
329,Shot Chart Detail,0022300711,507,1628374,Lauri Markkanen,1610612762,Utah Jazz,4,10,10,Made Shot,Jump Shot,3PT Field Goal,Right Corner 3,Right Side(R),24+ ft.,22,225,12,1,1,20240204,UTA,MIL
330,Shot Chart Detail,0022300711,551,1628374,Lauri Markkanen,1610612762,Utah Jazz,4,6,26,Made Shot,Jump Shot,3PT Field Goal,Above the Break 3,Left Side Center(LC),24+ ft.,25,-234,89,1,1,20240204,UTA,MIL
331,Shot Chart Detail,0022300724,18,1628374,Lauri Markkanen,1610612762,Utah Jazz,1,10,38,Made Shot,Jump Shot,3PT Field Goal,Above the Break 3,Center(C),24+ ft.,25,29,254,1,1,20240206,UTA,OKC
332,Shot Chart Detail,0022300724,92,1628374,Lauri Markkanen,1610612762,Utah Jazz,1,4,55,Made Shot,Fadeaway Jump Shot,2PT Field Goal,In The Paint (Non-RA),Center(C),8-16 ft.,8,2,80,1,1,20240206,UTA,OKC
333,Shot Chart Detail,0022300724,114,1628374,Lauri Markkanen,1610612762,Utah Jazz,1,3,29,Made Shot,Floating Jump shot,2PT Field Goal,In The Paint (Non-RA),Center(C),Less Than 8 ft.,4,-4,46,1,1,20240206,UTA,OKC
334,Shot Chart Detail,0022300724,130,1628374,Lauri Markkanen,1610612762,Utah Jazz,1,1,16,Made Shot,Alley Oop Dunk Shot,2PT Field Goal,Restricted Area,Center(C),Less Than 8 ft.,1,17,1,1,1,20240206,UTA,OKC
335,Shot Chart Detail,0022300724,332,1628374,Lauri Markkanen,1610612762,Utah Jazz,3,11,47,Made Shot,Jump Shot,3PT Field Goal,Right Corner 3,Right Side(R),24+ ft.,23,230,24,1,1,20240206,UTA,OKC
336,Shot Chart Detail,0022300724,340,1628374,Lauri Markkanen,1610612762,Utah Jazz,3,10,34,Made Shot,Step Back Jump shot,2PT Field Goal,Mid-Range,Left Side Center(LC),16-24 ft.,18,-124,137,1,1,20240206,UTA,OKC
337,Shot Chart Detail,0022300724,392,1628374,Lauri Markkanen,1610612762,Utah Jazz,3,5,46,Made Shot,Driving Layup Shot,2PT Field Goal,In The Paint (Non-RA),Center(C),Less Than 8 ft.,5,23,55,1,1,20240206,UTA,OKC
338,Shot Chart Detail,0022300724,397,1628374,Lauri Markkanen,1610612762,Utah Jazz,3,5,10,Made Shot,Putback Dunk Shot,2PT Field Goal,Restricted Area,Center(C),Less Than 8 ft.,0,0,0,1,1,20240206,UTA,OKC
339,Shot Chart Detail,0022300724,413,1628374,Lauri Markkanen,1610612762,Utah Jazz,3,4,31,Made Shot,Jump Shot,3PT Field Goal,Above the Break 3,Right Side Center(RC),24+ ft.,27,119,252,1,1,20240206,UTA,OKC
340,Shot Chart Detail,0022300724,450,1628374,Lauri Markkanen,1610612762,Utah Jazz,3,1,39,Made Shot,Jump Shot,3PT Field Goal,Above the Break 3,Left Side Center(LC),24+ ft.,24,-185,164,1,1,20240206,UTA,OKC
341,Shot Chart Detail,0022300724,647,1628374,Lauri Markkanen,1610612762,Utah Jazz,4,1,9,Made Shot,Jump Shot,2PT Field Goal,Mid-Range,Right Side Center(RC),16-24 ft.,20,107,169,1,1,20240206,UTA,OKC
342,Shot Chart Detail,0022300724,655,1628374,Lauri Markkanen,1610612762,Utah Jazz,4,0,43,Made Shot,Jump Shot,3PT Field Goal,Above the Break 3,Left Side Center(LC),24+ ft.,25,-138,209,1,1,20240206,UTA,OKC
343,Shot Chart Detail,0022300739,26,1628374,Lauri Markkanen,1610612762,Utah Jazz,1,9,46,Made Shot,Jump Shot,2PT Field Goal,In The Paint (Non-RA),Center(C),8-16 ft.,11,47,101,1,1,20240208,PHX,UTA
344,Shot Chart Detail,0022300739,247,1628374,Lauri Markkanen,1610612762,Utah Jazz,2,6,18,Made Shot,Pullup Jump shot,2PT Field Goal,Mid-Range,Center(C),8-16 ft.,15,-38,152,1,1,20240208,PHX,UTA
345,Shot Chart Detail,0022300739,253,1628374,Lauri Markkanen,1610612762,Utah Jazz,2,5,45,Made Shot,Cutting Layup Shot,2PT Field Goal,Restricted Area,Center(C),Less Than 8 ft.,2,-16,13,1,1,20240208,PHX,UTA
346,Shot Chart Detail,0022300739,291,1628374,Lauri Markkanen,1610612762,Utah Jazz,2,3,36,Made Shot,Jump Shot,3PT Field Goal,Left Corner 3,Left Side(L),24+ ft.,23,-229,68,1,1,20240208,PHX,UTA
347,Shot Chart Detail,0022300739,357,1628374,Lauri Markkanen,1610612762,Utah Jazz,3,10,53,Made Shot,Driving Floating Jump Shot,2PT Field Goal,In The Paint (Non-RA),Center(C),Less Than 8 ft.,5,33,50,1,1,20240208,PHX,UTA
348,Shot Chart Detail,0022300739,410,1628374,Lauri Markkanen,1610612762,Utah Jazz,3,5,59,Made Shot,Jump Shot,3PT Field Goal,Above the Break 3,Left Side Center(LC),24+ ft.,25,-196,166,1,1,20240208,PHX,UTA
349,Shot Chart Detail,0022300739,457,1628374,Lauri Markkanen,1610612762,Utah Jazz,3,1,54,Made Shot,Turnaround Jump Shot,2PT Field Goal,In The Paint (Non-RA),Center(C),8-16 ft.,9,16,96,1,1,20240208,PHX,UTA
350,Shot Chart Detail,0022300739,639,1628374,Lauri Markkanen,1610612762,Utah Jazz,4,2,7,Made Shot,Cutting Dunk Shot,2PT Field Goal,Restricted Area,Center(C),Less Than 8 ft.,0,5,8,1,1,20240208,PHX,UTA
351,Shot Chart Detail,0022300769,213,1628374,Lauri Markkanen,1610612762,Utah Jazz,2,8,16,Made Shot,Jump Shot,2PT Field Goal,Mid-Range,Right Side(R),16-24 ft.,21,180,122,1,1,20240212,UTA,GSW
352,Shot Chart Detail,0022300769,224,1628374,Lauri Markkanen,1610612762,Utah Jazz,2,7,32,Made Shot,Cutting Dunk Shot,2PT Field Goal,In The Paint (Non-RA),Center(C),Less Than 8 ft.,5,5,50,1,1,20240212,UTA,GSW
353,Shot Chart Detail,0022300769,277,1628374,Lauri Markkanen,1610612762,Utah Jazz,2,4,4,Made Shot,Dunk Shot,2PT Field Goal,Restricted Area,Center(C),Less Than 8 ft.,3,34,20,1,1,20240212,UTA,GSW
354,Shot Chart Detail,0022300769,343,1628374,Lauri Markkanen,1610612762,Utah Jazz,3,10,34,Made Shot,Jump Shot,3PT Field Goal,Above the Break 3,Left Side Center(LC),24+ ft.,25,-218,137,1,1,20240212,UTA,GSW
355,Shot Chart Detail,0022300769,398,1628374,Lauri Markkanen,1610612762,Utah Jazz,3,6,9,Made Shot,Cutting Dunk Shot,2PT Field Goal,Restricted Area,Center(C),Less Than 8 ft.,3,-18,26,1,1,20240212,UTA,GSW
356,Shot Chart Detail,0022300769,544,1628374,Lauri Markkanen,1610612762,Utah Jazz,4,8,40,Made Shot,Jump Shot,3PT Field Goal,Above the Break 3,Center(C),24+ ft.,26,-45,260,1,1,20240212,UTA,GSW
357,Shot Chart Detail,0022300769,594,1628374,Lauri Markkanen,1610612762,Utah Jazz,4,5,19,Made Shot,Jump Shot,3PT Field Goal,Above the Break 3,Left Side Center(LC),24+ ft.,28,-210,193,1,1,20240212,UTA,GSW
358,Shot Chart Detail,0022300769,614,1628374,Lauri Markkanen,1610612762,Utah Jazz,4,3,50,Made Shot,Alley Oop Dunk Shot,2PT Field Goal,Restricted Area,Center(C),Less Than 8 ft.,2,16,13,1,1,20240212,UTA,GSW
359,Shot Chart Detail,0022300788,22,1628374,Lauri Markkanen,1610612762,Utah Jazz,1,10,3,Made Shot,Floating Jump shot,2PT Field Goal,In The Paint (Non-RA),Center(C),8-16 ft.,11,23,110,1,1,20240214,UTA,LAL
360,Shot Chart Detail,0022300788,77,1628374,Lauri Markkanen,1610612762,Utah Jazz,1,6,18,Made Shot,Tip Layup Shot,2PT Field Goal,Restricted Area,Center(C),Less Than 8 ft.,0,0,0,1,1,20240214,UTA,LAL
361,Shot Chart Detail,0022300788,213,1628374,Lauri Markkanen,1610612762,Utah Jazz,2,8,48,Made Shot,Jump Shot,3PT Field Goal,Above the Break 3,Right Side Center(RC),24+ ft.,25,143,207,1,1,20240214,UTA,LAL
362,Shot Chart Detail,0022300788,302,1628374,Lauri Markkanen,1610612762,Utah Jazz,2,2,16,Made Shot,Reverse Layup Shot,2PT Field Goal,Restricted Area,Center(C),Less Than 8 ft.,3,-31,18,1,1,20240214,UTA,LAL
363,Shot Chart Detail,0022300788,309,1628374,Lauri Markkanen,1610612762,Utah Jazz,2,1,43,Made Shot,Jump Shot,2PT Field Goal,Mid-Range,Left Side Center(LC),16-24 ft.,17,-86,148,1,1,20240214,UTA,LAL
364,Shot Chart Detail,0022300788,520,1628374,Lauri Markkanen,1610612762,Utah Jazz,4,10,7,Made Shot,Jump Shot,3PT Field Goal,Above the Break 3,Right Side Center(RC),24+ ft.,27,207,180,1,1,20240214,UTA,LAL
365,Shot Chart Detail,0022300801,9,1628374,Lauri Markkanen,1610612762,Utah Jazz,1,11,27,Made Shot,Jump Shot,3PT Field Goal,Above the Break 3,Right Side Center(RC),24+ ft.,25,207,157,1,1,20240222,UTA,CHA
366,Shot Chart Detail,0022300801,38,1628374,Lauri Markkanen,1610612762,Utah Jazz,1,9,5,Made Shot,Cutting Dunk Shot,2PT Field Goal,Restricted Area,Center(C),Less Than 8 ft.,3,-12,36,1,1,20240222,UTA,CHA
367,Shot Chart Detail,0022300801,155,1628374,Lauri Markkanen,1610612762,Utah Jazz,1,0,49,Made Shot,Layup Shot,2PT Field Goal,Restricted Area,Center(C),Less Than 8 ft.,2,25,-8,1,1,20240222,UTA,CHA
368,Shot Chart Detail,0022300801,333,1628374,Lauri Markkanen,1610612762,Utah Jazz,2,0,8,Made Shot,Driving Floating Jump Shot,2PT Field Goal,In The Paint (Non-RA),Right Side(R),8-16 ft.,9,53,80,1,1,20240222,UTA,CHA
369,Shot Chart Detail,0022300801,622,1628374,Lauri Markkanen,1610612762,Utah Jazz,4,4,30,Made Shot,Jump Shot,3PT Field Goal,Above the Break 3,Center(C),24+ ft.,25,64,249,1,1,20240222,UTA,CHA
370,Shot Chart Detail,0022300825,54,1628374,Lauri Markkanen,1610612762,Utah Jazz,1,8,51,Made Shot,Jump Shot,3PT Field Goal,Above the Break 3,Center(C),24+ ft.,25,42,256,1,1,20240225,UTA,SAS
371,Shot Chart Detail,0022300825,140,1628374,Lauri Markkanen,1610612762,Utah Jazz,1,2,20,Made Shot,Jump Shot,3PT Field Goal,Above the Break 3,Right Side Center(RC),24+ ft.,25,185,179,1,1,20240225,UTA,SAS
372,Shot Chart Detail,0022300825,149,1628374,Lauri Markkanen,1610612762,Utah Jazz,1,1,47,Made Shot,Turnaround Hook Shot,2PT Field Goal,Restricted Area,Center(C),Less Than 8 ft.,3,13,34,1,1,20240225,UTA,SAS
373,Shot Chart Detail,0022300825,163,1628374,Lauri Markkanen,1610612762,Utah Jazz,1,0,42,Made Shot,Running Finger Roll Layup Shot,2PT Field Goal,Restricted Area,Center(C),Less Than 8 ft.,2,15,16,1,1,20240225,UTA,SAS
374,Shot Chart Detail,0022300825,177,1628374,Lauri Markkanen,1610612762,Utah Jazz,2,11,29,Made Shot,Cutting Layup Shot,2PT Field Goal,Restricted Area,Center(C),Less Than 8 ft.,2,1,21,1,1,20240225,UTA,SAS
375,Shot Chart Detail,0022300825,410,1628374,Lauri Markkanen,1610612762,Utah Jazz,3,7,31,Made Shot,Driving Floating Bank Jump Shot,2PT Field Goal,In The Paint (Non-RA),Right Side(R),8-16 ft.,8,49,73,1,1,20240225,UTA,SAS
376,Shot Chart Detail,0022300825,526,1628374,Lauri Markkanen,1610612762,Utah Jazz,3,0,52,Made Shot,Running Jump Shot,3PT Field Goal,Left Corner 3,Left Side(L),24+ ft.,23,-230,28,1,1,20240225,UTA,SAS
377,Shot Chart Detail,0022300825,571,1628374,Lauri Markkanen,1610612762,Utah Jazz,4,9,18,Made Shot,Jump Shot,3PT Field Goal,Above the Break 3,Left Side Center(LC),24+ ft.,27,-143,239,1,1,20240225,UTA,SAS
378,Shot Chart Detail,0022300825,636,1628374,Lauri Markkanen,1610612762,Utah Jazz,4,5,15,Made Shot,Jump Shot,3PT Field Goal,Above the Break 3,Center(C),24+ ft.,26,66,260,1,1,20240225,UTA,SAS
379,Shot Chart Detail,0022300825,660,1628374,Lauri Markkanen,1610612762,Utah Jazz,4,2,51,Made Shot,Driving Dunk Shot,2PT Field Goal,Restricted Area,Center(C),Less Than 8 ft.,3,29,10,1,1,20240225,UTA,SAS
380,Shot Chart Detail,0022300835,148,1628374,Lauri Markkanen,1610612762,Utah Jazz,1,0,39,Made Shot,Alley Oop Dunk Shot,2PT Field Goal,Restricted Area,Center(C),Less Than 8 ft.,2,-2,20,1,1,20240227,ATL,UTA
381,Shot Chart Detail,0022300835,163,1628374,Lauri Markkanen,1610612762,Utah Jazz,2,11,29,Made Shot,Driving Layup Shot,2PT Field Goal,In The Paint (Non-RA),Center(C),Less Than 8 ft.,4,13,38,1,1,20240227,ATL,UTA
382,Shot Chart Detail,0022300835,217,1628374,Lauri Markkanen,1610612762,Utah Jazz,2,7,33,Made Shot,Putback Layup Shot,2PT Field Goal,Restricted Area,Center(C),Less Than 8 ft.,0,0,0,1,1,20240227,ATL,UTA
383,Shot Chart Detail,0022300835,249,1628374,Lauri Markkanen,1610612762,Utah Jazz,2,2,44,Made Shot,Driving Layup Shot,2PT Field Goal,Restricted Area,Center(C),Less Than 8 ft.,1,-17,7,1,1,20240227,ATL,UTA
384,Shot Chart Detail,0022300850,32,1628374,Lauri Markkanen,1610612762,Utah Jazz,1,8,44,Made Shot,Jump Shot,3PT Field Goal,Above the Break 3,Center(C),24+ ft.,26,-6,267,1,1,20240229,ORL,UTA
385,Shot Chart Detail,0022300850,254,1628374,Lauri Markkanen,1610612762,Utah Jazz,2,5,15,Made Shot,Jump Shot,3PT Field Goal,Above the Break 3,Left Side Center(LC),24+ ft.,25,-190,174,1,1,20240229,ORL,UTA
386,Shot Chart Detail,0022300850,313,1628374,Lauri Markkanen,1610612762,Utah Jazz,2,0,13,Made Shot,Running Jump Shot,3PT Field Goal,Left Corner 3,Left Side(L),24+ ft.,23,-235,-7,1,1,20240229,ORL,UTA
387,Shot Chart Detail,0022300850,388,1628374,Lauri Markkanen,1610612762,Utah Jazz,3,6,13,Made Shot,Jump Shot,3PT Field Goal,Above the Break 3,Left Side Center(LC),24+ ft.,26,-169,206,1,1,20240229,ORL,UTA
388,Shot Chart Detail,0022300850,430,1628374,Lauri Markkanen,1610612762,Utah Jazz,3,2,44,Made Shot,Driving Layup Shot,2PT Field Goal,In The Paint (Non-RA),Center(C),Less Than 8 ft.,4,5,44,1,1,20240229,ORL,UTA
389,Shot Chart Detail,0022300850,559,1628374,Lauri Markkanen,1610612762,Utah Jazz,4,4,56,Made Shot,Cutting Dunk Shot,2PT Field Goal,Restricted Area,Center(C),Less Than 8 ft.,0,-4,6,1,1,20240229,ORL,UTA
390,Shot Chart Detail,0022300867,49,1628374,Lauri Markkanen,1610612762,Utah Jazz,1,6,44,Made Shot,Jump Shot,3PT Field Goal,Above the Break 3,Right Side Center(RC),24+ ft.,26,175,199,1,1,20240302,MIA,UTA
391,Shot Chart Detail,0022300867,153,1628374,Lauri Markkanen,1610612762,Utah Jazz,1,0,45,Made Shot,Jump Shot,3PT Field Goal,Left Corner 3,Left Side(L),24+ ft.,23,-227,56,1,1,20240302,MIA,UTA
392,Shot Chart Detail,0022300867,581,1628374,Lauri Markkanen,1610612762,Utah Jazz,4,5,9,Made Shot,Running Jump Shot,3PT Field Goal,Above the Break 3,Left Side Center(LC),24+ ft.,25,-172,188,1,1,20240302,MIA,UTA
393,Shot Chart Detail,0022300867,626,1628374,Lauri Markkanen,1610612762,Utah Jazz,4,2,17,Made Shot,Putback Dunk Shot,2PT Field Goal,Restricted Area,Center(C),Less Than 8 ft.,0,-7,0,1,1,20240302,MIA,UTA
394,Shot Chart Detail,0022300867,638,1628374,Lauri Markkanen,1610612762,Utah Jazz,4,1,1,Made Shot,Jump Shot,3PT Field Goal,Above the Break 3,Right Side Center(RC),24+ ft.,25,115,222,1,1,20240302,MIA,UTA
395,Shot Chart Detail,0022300987,11,1628374,Lauri Markkanen,1610612762,Utah Jazz,1,11,11,Made Shot,Jump Shot,3PT Field Goal,Above the Break 3,Right Side Center(RC),24+ ft.,25,192,168,1,1,20240318,UTA,MIN
396,Shot Chart Detail,0022300987,159,1628374,Lauri Markkanen,1610612762,Utah Jazz,2,11,21,Made Shot,Layup Shot,2PT Field Goal,In The Paint (Non-RA),Center(C),Less Than 8 ft.,4,-45,13,1,1,20240318,UTA,MIN
397,Shot Chart Detail,0022300987,165,1628374,Lauri Markkanen,1610612762,Utah Jazz,2,10,40,Made Shot,Driving Finger Roll Layup Shot,2PT Field Goal,In The Paint (Non-RA),Center(C),Less Than 8 ft.,4,28,34,1,1,20240318,UTA,MIN
398,Shot Chart Detail,0022300987,287,1628374,Lauri Markkanen,1610612762,Utah Jazz,2,0,0,Made Shot,Driving Floating Bank Jump Shot,2PT Field Goal,In The Paint (Non-RA),Right Side(R),8-16 ft.,9,72,61,1,1,20240318,UTA,MIN
399,Shot Chart Detail,0022300987,308,1628374,Lauri Markkanen,1610612762,Utah Jazz,3,10,43,Made Shot,Driving Dunk Shot,2PT Field Goal,In The Paint (Non-RA),Center(C),Less Than 8 ft.,4,13,41,1,1,20240318,UTA,MIN
400,Shot Chart Detail,0022300987,343,1628374,Lauri Markkanen,1610612762,Utah Jazz,3,7,58,Made Shot,Tip Layup Shot,2PT Field Goal,Restricted Area,Center(C),Less Than 8 ft.,0,0,0,1,1,20240318,UTA,MIN
401,Shot Chart Detail,0022300987,485,1628374,Lauri Markkanen,1610612762,Utah Jazz,4,9,42,Made Shot,Driving Layup Shot,2PT Field Goal,In The Paint (Non-RA),Center(C),Less Than 8 ft.,4,-42,26,1,1,20240318,UTA,MIN
402,Shot Chart Detail,0022300987,545,1628374,Lauri Markkanen,1610612762,Utah Jazz,4,5,22,Made Shot,Turnaround Hook Shot,2PT Field Goal,In The Paint (Non-RA),Center(C),Less Than 8 ft.,6,-22,57,1,1,20240318,UTA,MIN
403,Shot Chart Detail,0022301008,15,1628374,Lauri Markkanen,1610612762,Utah Jazz,1,10,47,Made Shot,Pullup Jump shot,2PT Field Goal,Mid-Range,Left Side(L),8-16 ft.,13,-134,16,1,1,20240321,DAL,UTA
404,Shot Chart Detail,0022301008,121,1628374,Lauri Markkanen,1610612762,Utah Jazz,1,2,39,Made Shot,Pullup Jump shot,2PT Field Goal,In The Paint (Non-RA),Center(C),Less Than 8 ft.,7,77,18,1,1,20240321,DAL,UTA
405,Shot Chart Detail,0022301008,155,1628374,Lauri Markkanen,1610612762,Utah Jazz,1,0,21,Made Shot,Jump Shot,3PT Field Goal,Above the Break 3,Right Side Center(RC),24+ ft.,24,192,151,1,1,20240321,DAL,UTA
406,Shot Chart Detail,0022301008,368,1628374,Lauri Markkanen,1610612762,Utah Jazz,3,9,49,Made Shot,Running Dunk Shot,2PT Field Goal,Restricted Area,Center(C),Less Than 8 ft.,1,-10,15,1,1,20240321,DAL,UTA
407,Shot Chart Detail,0022301008,484,1628374,Lauri Markkanen,1610612762,Utah Jazz,3,1,14,Made Shot,Driving Floating Jump Shot,2PT Field Goal,In The Paint (Non-RA),Center(C),Less Than 8 ft.,4,-2,46,1,1,20240321,DAL,UTA
408,Shot Chart Detail,0022301008,592,1628374,Lauri Markkanen,1610612762,Utah Jazz,4,6,50,Made Shot,Driving Layup Shot,2PT Field Goal,Restricted Area,Center(C),Less Than 8 ft.,3,13,32,1,1,20240321,DAL,UTA
409,Shot Chart Detail,0022301041,11,1628374,Lauri Markkanen,1610612762,Utah Jazz,1,11,29,Made Shot,Jump Shot,3PT Field Goal,Above the Break 3,Center(C),24+ ft.,26,80,251,1,1,20240325,UTA,DAL
410,Shot Chart Detail,0022301041,70,1628374,Lauri Markkanen,1610612762,Utah Jazz,1,6,37,Made Shot,Tip Layup Shot,2PT Field Goal,Restricted Area,Center(C),Less Than 8 ft.,0,0,0,1,1,20240325,UTA,DAL
411,Shot Chart Detail,0022301041,188,1628374,Lauri Markkanen,1610612762,Utah Jazz,2,10,54,Made Shot,Jump Shot,3PT Field Goal,Above the Break 3,Left Side Center(LC),24+ ft.,27,-217,167,1,1,20240325,UTA,DAL
412,Shot Chart Detail,0022301041,198,1628374,Lauri Markkanen,1610612762,Utah Jazz,2,10,19,Made Shot,Alley Oop Dunk Shot,2PT Field Goal,In The Paint (Non-RA),Center(C),Less Than 8 ft.,4,40,12,1,1,20240325,UTA,DAL
413,Shot Chart Detail,0022301041,212,1628374,Lauri Markkanen,1610612762,Utah Jazz,2,9,6,Made Shot,Jump Shot,3PT Field Goal,Above the Break 3,Left Side Center(LC),24+ ft.,28,-191,217,1,1,20240325,UTA,DAL
414,Shot Chart Detail,0022301041,332,1628374,Lauri Markkanen,1610612762,Utah Jazz,2,0,31,Made Shot,Jump Shot,3PT Field Goal,Above the Break 3,Left Side Center(LC),24+ ft.,25,-211,142,1,1,20240325,UTA,DAL
415,Shot Chart Detail,0022301041,370,1628374,Lauri Markkanen,1610612762,Utah Jazz,3,9,51,Made Shot,Jump Shot,3PT Field Goal,Above the Break 3,Right Side Center(RC),24+ ft.,25,190,173,1,1,20240325,UTA,DAL
416,Shot Chart Detail,0022301041,383,1628374,Lauri Markkanen,1610612762,Utah Jazz,3,8,25,Made Shot,Jump Shot,2PT Field Goal,Mid-Range,Left Side Center(LC),16-24 ft.,18,-93,155,1,1,20240325,UTA,DAL
417,Shot Chart Detail,0022301041,386,1628374,Lauri Markkanen,1610612762,Utah Jazz,3,7,49,Made Shot,Jump Shot,3PT Field Goal,Left Corner 3,Left Side(L),24+ ft.,22,-228,17,1,1,20240325,UTA,DAL
418,Shot Chart Detail,0022301041,457,1628374,Lauri Markkanen,1610612762,Utah Jazz,3,3,16,Made Shot,Running Dunk Shot,2PT Field Goal,In The Paint (Non-RA),Center(C),Less Than 8 ft.,4,40,22,1,1,20240325,UTA,DAL
419,Shot Chart Detail,0022301058,272,1628374,Lauri Markkanen,1610612762,Utah Jazz,2,4,29,Made Shot,Jump Shot,3PT Field Goal,Above the Break 3,Left Side Center(LC),24+ ft.,25,-147,208,1,1,20240327,UTA,SAS
420,Shot Chart Detail,0022301058,310,1628374,Lauri Markkanen,1610612762,Utah Jazz,2,1,32,Made Shot,Driving Dunk Shot,2PT Field Goal,In The Paint (Non-RA),Center(C),Less Than 8 ft.,4,38,32,1,1,20240327,UTA,SAS
421,Shot Chart Detail,0022301058,313,1628374,Lauri Markkanen,1610612762,Utah Jazz,2,1,6,Made Shot,Alley Oop Dunk Shot,2PT Field Goal,Restricted Area,Center(C),Less Than 8 ft.,3,-33,3,1,1,20240327,UTA,SAS
422,Shot Chart Detail,0022301058,317,1628374,Lauri Markkanen,1610612762,Utah Jazz,2,0,34,Made Shot,Jump Shot,3PT Field Goal,Above the Break 3,Center(C),24+ ft.,25,-38,248,1,1,20240327,UTA,SAS
423,Shot Chart Detail,0022301058,412,1628374,Lauri Markkanen,1610612762,Utah Jazz,3,5,11,Made Shot,Driving Reverse Dunk Shot,2PT Field Goal,Restricted Area,Center(C),Less Than 8 ft.,1,-6,11,1,1,20240327,UTA,SAS
424,Shot Chart Detail,0022301058,506,1628374,Lauri Markkanen,1610612762,Utah Jazz,4,11,9,Made Shot,Alley Oop Dunk Shot,2PT Field Goal,In The Paint (Non-RA),Center(C),Less Than 8 ft.,5,-29,47,1,1,20240327,UTA,SAS
425,Shot Chart Detail,0022301058,555,1628374,Lauri Markkanen,1610612762,Utah Jazz,4,7,37,Made Shot,Alley Oop Layup shot,2PT Field Goal,Restricted Area,Center(C),Less Than 8 ft.,3,-29,22,1,1,20240327,UTA,SAS
426,Shot Chart Detail,0022301058,644,1628374,Lauri Markkanen,1610612762,Utah Jazz,4,0,23,Made Shot,Pullup Jump shot,3PT Field Goal,Above the Break 3,Right Side Center(RC),24+ ft.,27,103,251,1,1,20240327,UTA,SAS
